STRUCTURE,STRUCTURE_ID,STRUCTURE_NAME,ACTION,REF_AREA,Reference area,MEASURE,Measure,UNIT_MEASURE,Unit of measure,SEX,Sex,AGE,Age,TIME_HORIZ,Time horizon,TIME_PERIOD,Time period,OBS_VALUE,Observation value,OBS_STATUS,Observation status,UNIT_MULT,Unit multiplier,DECIMALS,Decimals
DATAFLOW,OECD.ELS.SAE:DSD_POPULATION@DF_POP_PROJ(1.0),Population projections,I,MLT,Malta,POP,Population,PS,Persons,_T,Total,_T,Total,P,Projection,2022,,526805,,A,Normal value,0,Units,0,Zero
DATAFLOW,OECD.ELS.SAE:DSD_POPULATION@DF_POP_PROJ(1.0),Population projections,I,MLT,Malta,POP,Population,PS,Persons,_T,Total,_T,Total,P,Projection,2023,,537967,,A,Normal value,0,Units,0,Zero
DATAFLOW,OECD.ELS.SAE:DSD_POPULATION@DF_POP_PROJ(1.0),Population projections,I,MLT,Malta,POP,Population,PS,Persons,_T,Total,_T,Total,P,Projection,2024,,548462,,A,Normal value,0,Units,0,Zero
DATAFLOW,OECD.ELS.SAE:DSD_POPULATION@DF_POP_PROJ(1.0),Population projections,I,MLT,Malta,POP,Population,PS,Persons,_T,Total,_T,Total,P,Projection,2025,,558807,,A,Normal value,0,Units,0,Zero
DATAFLOW,OECD.ELS.SAE:DSD_POPULATION@DF_POP_PROJ(1.0),Population projections,I,MLT,Malta,POP,Population,PS,Persons,_T,Total,_T,Total,P,Projection,2026,,569198,,A,Normal value,0,Units,0,Zero
DATAFLOW,OECD.ELS.SAE:DSD_POPULATION@DF_POP_PROJ(1.0),Population projections,I,MLT,Malta,POP,Population,PS,Persons,_T,Total,_T,Total,P,Projection,2027,,579595,,A,Normal value,0,Units,0,Zero
DATAFLOW,OECD.ELS.SAE:DSD_POPULATION@DF_POP_PROJ(1.0),Population projections,I,MLT,Malta,POP,Population,PS,Persons,_T,Total,_T,Total,P,Projection,2028,,589858,,A,Normal value,0,Units,0,Zero
DATAFLOW,OECD.ELS.SAE:DSD_POPULATION@DF_POP_PROJ(1.0),Population projections,I,MLT,Malta,POP,Population,PS,Persons,_T,Total,_T,Total,P,Projection,2029,,599822,,A,Normal value,0,Units,0,Zero
DATAFLOW,OECD.ELS.SAE:DSD_POPULATION@DF_POP_PROJ(1.0),Population projections,I,MLT,Malta,POP,Population,PS,Persons,_T,Total,_T,Total,P,Projection,2030,,609474,,A,Normal value,0,Units,0,Zero
DATAFLOW,OECD.ELS.SAE:DSD_POPULATION@DF_POP_PROJ(1.0),Population projections,I,NLD,Netherlands,POP,Population,PS,Persons,_T,Total,_T,Total,P,Projection,2022,,17703092,,A,Normal value,0,Units,0,Zero
DATAFLOW,OECD.ELS.SAE:DSD_POPULATION@DF_POP_PROJ(1.0),Population projections,I,NLD,Netherlands,POP,Population,PS,Persons,_T,Total,_T,Total,P,Projection,2023,,17908077.5,,A,Normal value,0,Units,0,Zero
DATAFLOW,OECD.ELS.SAE:DSD_POPULATION@DF_POP_PROJ(1.0),Population projections,I,NLD,Netherlands,POP,Population,PS,Persons,_T,Total,_T,Total,P,Projection,2024,,18064524.5,,A,Normal value,0,Units,0,Zero
DATAFLOW,OECD.ELS.SAE:DSD_POPULATION@DF_POP_PROJ(1.0),Population projections,I,NLD,Netherlands,POP,Population,PS,Persons,_T,Total,_T,Total,P,Projection,2025,,18185432,,A,Normal value,0,Units,0,Zero
DATAFLOW,OECD.ELS.SAE:DSD_POPULATION@DF_POP_PROJ(1.0),Population projections,I,NLD,Netherlands,POP,Population,PS,Persons,_T,Total,_T,Total,P,Projection,2026,,18285557.5,,A,Normal value,0,Units,0,Zero
DATAFLOW,OECD.ELS.SAE:DSD_POPULATION@DF_POP_PROJ(1.0),Population projections,I,NLD,Netherlands,POP,Population,PS,Persons,_T,Total,_T,Total,P,Projection,2027,,18374195.5,,A,Normal value,0,Units,0,Zero
DATAFLOW,OECD.ELS.SAE:DSD_POPULATION@DF_POP_PROJ(1.0),Population projections,I,NLD,Netherlands,POP,Population,PS,Persons,_T,Total,_T,Total,P,Projection,2028,,18461962.5,,A,Normal value,0,Units,0,Zero
DATAFLOW,OECD.ELS.SAE:DSD_POPULATION@DF_POP_PROJ(1.0),Population projections,I,NLD,Netherlands,POP,Population,PS,Persons,_T,Total,_T,Total,P,Projection,2029,,18549479.5,,A,Normal value,0,Units,0,Zero
DATAFLOW,OECD.ELS.SAE:DSD_POPULATION@DF_POP_PROJ(1.0),Population projections,I,NLD,Netherlands,POP,Population,PS,Persons,_T,Total,_T,Total,P,Projection,2030,,18635857.5,,A,Normal value,0,Units,0,Zero
DATAFLOW,OECD.ELS.SAE:DSD_POPULATION@DF_POP_PROJ(1.0),Population projections,I,HUN,Hungary,POP,Population,PS,Persons,_T,Total,_T,Total,P,Projection,2022,,9689184,,A,Normal value,0,Units,0,Zero
DATAFLOW,OECD.ELS.SAE:DSD_POPULATION@DF_POP_PROJ(1.0),Population projections,I,HUN,Hungary,POP,Population,PS,Persons,_T,Total,_T,Total,P,Projection,2023,,9679736,,A,Normal value,0,Units,0,Zero
DATAFLOW,OECD.ELS.SAE:DSD_POPULATION@DF_POP_PROJ(1.0),Population projections,I,HUN,Hungary,POP,Population,PS,Persons,_T,Total,_T,Total,P,Projection,2024,,9657478,,A,Normal value,0,Units,0,Zero
DATAFLOW,OECD.ELS.SAE:DSD_POPULATION@DF_POP_PROJ(1.0),Population projections,I,HUN,Hungary,POP,Population,PS,Persons,_T,Total,_T,Total,P,Projection,2025,,9632918,,A,Normal value,0,Units,0,Zero
DATAFLOW,OECD.ELS.SAE:DSD_POPULATION@DF_POP_PROJ(1.0),Population projections,I,HUN,Hungary,POP,Population,PS,Persons,_T,Total,_T,Total,P,Projection,2026,,9609224,,A,Normal value,0,Units,0,Zero
DATAFLOW,OECD.ELS.SAE:DSD_POPULATION@DF_POP_PROJ(1.0),Population projections,I,HUN,Hungary,POP,Population,PS,Persons,_T,Total,_T,Total,P,Projection,2027,,9585399,,A,Normal value,0,Units,0,Zero
DATAFLOW,OECD.ELS.SAE:DSD_POPULATION@DF_POP_PROJ(1.0),Population projections,I,HUN,Hungary,POP,Population,PS,Persons,_T,Total,_T,Total,P,Projection,2028,,9561681,,A,Normal value,0,Units,0,Zero
DATAFLOW,OECD.ELS.SAE:DSD_POPULATION@DF_POP_PROJ(1.0),Population projections,I,HUN,Hungary,POP,Population,PS,Persons,_T,Total,_T,Total,P,Projection,2029,,9538382,,A,Normal value,0,Units,0,Zero
DATAFLOW,OECD.ELS.SAE:DSD_POPULATION@DF_POP_PROJ(1.0),Population projections,I,HUN,Hungary,POP,Population,PS,Persons,_T,Total,_T,Total,P,Projection,2030,,9515370,,A,Normal value,0,Units,0,Zero
DATAFLOW,OECD.ELS.SAE:DSD_POPULATION@DF_POP_PROJ(1.0),Population projections,I,SVK,Slovak Republic,POP,Population,PS,Persons,_T,Total,_T,Total,P,Projection,2022,,5479309,,A,Normal value,0,Units,0,Zero
DATAFLOW,OECD.ELS.SAE:DSD_POPULATION@DF_POP_PROJ(1.0),Population projections,I,SVK,Slovak Republic,POP,Population,PS,Persons,_T,Total,_T,Total,P,Projection,2023,,5529369,,A,Normal value,0,Units,0,Zero
DATAFLOW,OECD.ELS.SAE:DSD_POPULATION@DF_POP_PROJ(1.0),Population projections,I,SVK,Slovak Republic,POP,Population,PS,Persons,_T,Total,_T,Total,P,Projection,2024,,5528097,,A,Normal value,0,Units,0,Zero
DATAFLOW,OECD.ELS.SAE:DSD_POPULATION@DF_POP_PROJ(1.0),Population projections,I,SVK,Slovak Republic,POP,Population,PS,Persons,_T,Total,_T,Total,P,Projection,2025,,5514581,,A,Normal value,0,Units,0,Zero
DATAFLOW,OECD.ELS.SAE:DSD_POPULATION@DF_POP_PROJ(1.0),Population projections,I,SVK,Slovak Republic,POP,Population,PS,Persons,_T,Total,_T,Total,P,Projection,2026,,5500937,,A,Normal value,0,Units,0,Zero
DATAFLOW,OECD.ELS.SAE:DSD_POPULATION@DF_POP_PROJ(1.0),Population projections,I,SVK,Slovak Republic,POP,Population,PS,Persons,_T,Total,_T,Total,P,Projection,2027,,5486960,,A,Normal value,0,Units,0,Zero
DATAFLOW,OECD.ELS.SAE:DSD_POPULATION@DF_POP_PROJ(1.0),Population projections,I,SVK,Slovak Republic,POP,Population,PS,Persons,_T,Total,_T,Total,P,Projection,2028,,5472575,,A,Normal value,0,Units,0,Zero
DATAFLOW,OECD.ELS.SAE:DSD_POPULATION@DF_POP_PROJ(1.0),Population projections,I,SVK,Slovak Republic,POP,Population,PS,Persons,_T,Total,_T,Total,P,Projection,2029,,5457748,,A,Normal value,0,Units,0,Zero
DATAFLOW,OECD.ELS.SAE:DSD_POPULATION@DF_POP_PROJ(1.0),Population projections,I,SVK,Slovak Republic,POP,Population,PS,Persons,_T,Total,_T,Total,P,Projection,2030,,5442189,,A,Normal value,0,Units,0,Zero
DATAFLOW,OECD.ELS.SAE:DSD_POPULATION@DF_POP_PROJ(1.0),Population projections,I,CZE,Czechia,POP,Population,PS,Persons,_T,Total,_T,Total,P,Projection,2022,,10740299,,A,Normal value,0,Units,0,Zero
DATAFLOW,OECD.ELS.SAE:DSD_POPULATION@DF_POP_PROJ(1.0),Population projections,I,CZE,Czechia,POP,Population,PS,Persons,_T,Total,_T,Total,P,Projection,2023,,11006682,,A,Normal value,0,Units,0,Zero
DATAFLOW,OECD.ELS.SAE:DSD_POPULATION@DF_POP_PROJ(1.0),Population projections,I,CZE,Czechia,POP,Population,PS,Persons,_T,Total,_T,Total,P,Projection,2024,,11033406,,A,Normal value,0,Units,0,Zero
DATAFLOW,OECD.ELS.SAE:DSD_POPULATION@DF_POP_PROJ(1.0),Population projections,I,CZE,Czechia,POP,Population,PS,Persons,_T,Total,_T,Total,P,Projection,2025,,11000705,,A,Normal value,0,Units,0,Zero
DATAFLOW,OECD.ELS.SAE:DSD_POPULATION@DF_POP_PROJ(1.0),Population projections,I,CZE,Czechia,POP,Population,PS,Persons,_T,Total,_T,Total,P,Projection,2026,,10967124,,A,Normal value,0,Units,0,Zero
DATAFLOW,OECD.ELS.SAE:DSD_POPULATION@DF_POP_PROJ(1.0),Population projections,I,CZE,Czechia,POP,Population,PS,Persons,_T,Total,_T,Total,P,Projection,2027,,10932583,,A,Normal value,0,Units,0,Zero
DATAFLOW,OECD.ELS.SAE:DSD_POPULATION@DF_POP_PROJ(1.0),Population projections,I,CZE,Czechia,POP,Population,PS,Persons,_T,Total,_T,Total,P,Projection,2028,,10898713,,A,Normal value,0,Units,0,Zero
DATAFLOW,OECD.ELS.SAE:DSD_POPULATION@DF_POP_PROJ(1.0),Population projections,I,CZE,Czechia,POP,Population,PS,Persons,_T,Total,_T,Total,P,Projection,2029,,10866874,,A,Normal value,0,Units,0,Zero
DATAFLOW,OECD.ELS.SAE:DSD_POPULATION@DF_POP_PROJ(1.0),Population projections,I,CZE,Czechia,POP,Population,PS,Persons,_T,Total,_T,Total,P,Projection,2030,,10836060,,A,Normal value,0,Units,0,Zero
DATAFLOW,OECD.ELS.SAE:DSD_POPULATION@DF_POP_PROJ(1.0),Population projections,I,NZL,New Zealand,POP,Population,PS,Persons,_T,Total,_T,Total,P,Projection,2022,,5127900,,A,Normal value,0,Units,0,Zero
DATAFLOW,OECD.ELS.SAE:DSD_POPULATION@DF_POP_PROJ(1.0),Population projections,I,NZL,New Zealand,POP,Population,PS,Persons,_T,Total,_T,Total,P,Projection,2023,,5149500,,A,Normal value,0,Units,0,Zero
DATAFLOW,OECD.ELS.SAE:DSD_POPULATION@DF_POP_PROJ(1.0),Population projections,I,NZL,New Zealand,POP,Population,PS,Persons,_T,Total,_T,Total,P,Projection,2024,,5179300,,A,Normal value,0,Units,0,Zero
DATAFLOW,OECD.ELS.SAE:DSD_POPULATION@DF_POP_PROJ(1.0),Population projections,I,NZL,New Zealand,POP,Population,PS,Persons,_T,Total,_T,Total,P,Projection,2025,,5217300,,A,Normal value,0,Units,0,Zero
DATAFLOW,OECD.ELS.SAE:DSD_POPULATION@DF_POP_PROJ(1.0),Population projections,I,NZL,New Zealand,POP,Population,PS,Persons,_T,Total,_T,Total,P,Projection,2026,,5263700,,A,Normal value,0,Units,0,Zero
DATAFLOW,OECD.ELS.SAE:DSD_POPULATION@DF_POP_PROJ(1.0),Population projections,I,NZL,New Zealand,POP,Population,PS,Persons,_T,Total,_T,Total,P,Projection,2027,,5309300,,A,Normal value,0,Units,0,Zero
DATAFLOW,OECD.ELS.SAE:DSD_POPULATION@DF_POP_PROJ(1.0),Population projections,I,NZL,New Zealand,POP,Population,PS,Persons,_T,Total,_T,Total,P,Projection,2028,,5354100,,A,Normal value,0,Units,0,Zero
DATAFLOW,OECD.ELS.SAE:DSD_POPULATION@DF_POP_PROJ(1.0),Population projections,I,NZL,New Zealand,POP,Population,PS,Persons,_T,Total,_T,Total,P,Projection,2029,,5398000,,A,Normal value,0,Units,0,Zero
DATAFLOW,OECD.ELS.SAE:DSD_POPULATION@DF_POP_PROJ(1.0),Population projections,I,NZL,New Zealand,POP,Population,PS,Persons,_T,Total,_T,Total,P,Projection,2030,,5441000,,A,Normal value,0,Units,0,Zero
DATAFLOW,OECD.ELS.SAE:DSD_POPULATION@DF_POP_PROJ(1.0),Population projections,I,BRA,Brazil,POP,Population,PS,Persons,_T,Total,_T,Total,P,Projection,2022,,214828540,,A,Normal value,0,Units,0,Zero
DATAFLOW,OECD.ELS.SAE:DSD_POPULATION@DF_POP_PROJ(1.0),Population projections,I,BRA,Brazil,POP,Population,PS,Persons,_T,Total,_T,Total,P,Projection,2023,,216284269,,A,Normal value,0,Units,0,Zero
DATAFLOW,OECD.ELS.SAE:DSD_POPULATION@DF_POP_PROJ(1.0),Population projections,I,BRA,Brazil,POP,Population,PS,Persons,_T,Total,_T,Total,P,Projection,2024,,217684462,,A,Normal value,0,Units,0,Zero
DATAFLOW,OECD.ELS.SAE:DSD_POPULATION@DF_POP_PROJ(1.0),Population projections,I,BRA,Brazil,POP,Population,PS,Persons,_T,Total,_T,Total,P,Projection,2025,,219029093,,A,Normal value,0,Units,0,Zero
DATAFLOW,OECD.ELS.SAE:DSD_POPULATION@DF_POP_PROJ(1.0),Population projections,I,BRA,Brazil,POP,Population,PS,Persons,_T,Total,_T,Total,P,Projection,2026,,220316530,,A,Normal value,0,Units,0,Zero
DATAFLOW,OECD.ELS.SAE:DSD_POPULATION@DF_POP_PROJ(1.0),Population projections,I,BRA,Brazil,POP,Population,PS,Persons,_T,Total,_T,Total,P,Projection,2027,,221545234,,A,Normal value,0,Units,0,Zero
DATAFLOW,OECD.ELS.SAE:DSD_POPULATION@DF_POP_PROJ(1.0),Population projections,I,BRA,Brazil,POP,Population,PS,Persons,_T,Total,_T,Total,P,Projection,2028,,222713669,,A,Normal value,0,Units,0,Zero
DATAFLOW,OECD.ELS.SAE:DSD_POPULATION@DF_POP_PROJ(1.0),Population projections,I,BRA,Brazil,POP,Population,PS,Persons,_T,Total,_T,Total,P,Projection,2029,,223821305,,A,Normal value,0,Units,0,Zero
DATAFLOW,OECD.ELS.SAE:DSD_POPULATION@DF_POP_PROJ(1.0),Population projections,I,BRA,Brazil,POP,Population,PS,Persons,_T,Total,_T,Total,P,Projection,2030,,224868462,,A,Normal value,0,Units,0,Zero
DATAFLOW,OECD.ELS.SAE:DSD_POPULATION@DF_POP_PROJ(1.0),Population projections,I,NOR,Norway,POP,Population,PS,Persons,_T,Total,_T,Total,P,Projection,2022,,5450123,,A,Normal value,0,Units,0,Zero
DATAFLOW,OECD.ELS.SAE:DSD_POPULATION@DF_POP_PROJ(1.0),Population projections,I,NOR,Norway,POP,Population,PS,Persons,_T,Total,_T,Total,P,Projection,2023,,5493211,,A,Normal value,0,Units,0,Zero
DATAFLOW,OECD.ELS.SAE:DSD_POPULATION@DF_POP_PROJ(1.0),Population projections,I,NOR,Norway,POP,Population,PS,Persons,_T,Total,_T,Total,P,Projection,2024,,5523415,,A,Normal value,0,Units,0,Zero
DATAFLOW,OECD.ELS.SAE:DSD_POPULATION@DF_POP_PROJ(1.0),Population projections,I,NOR,Norway,POP,Population,PS,Persons,_T,Total,_T,Total,P,Projection,2025,,5547605,,A,Normal value,0,Units,0,Zero
DATAFLOW,OECD.ELS.SAE:DSD_POPULATION@DF_POP_PROJ(1.0),Population projections,I,NOR,Norway,POP,Population,PS,Persons,_T,Total,_T,Total,P,Projection,2026,,5572296,,A,Normal value,0,Units,0,Zero
DATAFLOW,OECD.ELS.SAE:DSD_POPULATION@DF_POP_PROJ(1.0),Population projections,I,NOR,Norway,POP,Population,PS,Persons,_T,Total,_T,Total,P,Projection,2027,,5597404,,A,Normal value,0,Units,0,Zero
DATAFLOW,OECD.ELS.SAE:DSD_POPULATION@DF_POP_PROJ(1.0),Population projections,I,NOR,Norway,POP,Population,PS,Persons,_T,Total,_T,Total,P,Projection,2028,,5622768,,A,Normal value,0,Units,0,Zero
DATAFLOW,OECD.ELS.SAE:DSD_POPULATION@DF_POP_PROJ(1.0),Population projections,I,NOR,Norway,POP,Population,PS,Persons,_T,Total,_T,Total,P,Projection,2029,,5648095,,A,Normal value,0,Units,0,Zero
DATAFLOW,OECD.ELS.SAE:DSD_POPULATION@DF_POP_PROJ(1.0),Population projections,I,NOR,Norway,POP,Population,PS,Persons,_T,Total,_T,Total,P,Projection,2030,,5673114,,A,Normal value,0,Units,0,Zero
DATAFLOW,OECD.ELS.SAE:DSD_POPULATION@DF_POP_PROJ(1.0),Population projections,I,ESP,Spain,POP,Population,PS,Persons,_T,Total,_T,Total,P,Projection,2022,,47344523.219674,,A,Normal value,0,Units,0,Zero
DATAFLOW,OECD.ELS.SAE:DSD_POPULATION@DF_POP_PROJ(1.0),Population projections,I,ESP,Spain,POP,Population,PS,Persons,_T,Total,_T,Total,P,Projection,2023,,47643819.276167,,A,Normal value,0,Units,0,Zero
DATAFLOW,OECD.ELS.SAE:DSD_POPULATION@DF_POP_PROJ(1.0),Population projections,I,ESP,Spain,POP,Population,PS,Persons,_T,Total,_T,Total,P,Projection,2024,,47946376.854341,,A,Normal value,0,Units,0,Zero
DATAFLOW,OECD.ELS.SAE:DSD_POPULATION@DF_POP_PROJ(1.0),Population projections,I,ESP,Spain,POP,Population,PS,Persons,_T,Total,_T,Total,P,Projection,2025,,48241716.324959,,A,Normal value,0,Units,0,Zero
DATAFLOW,OECD.ELS.SAE:DSD_POPULATION@DF_POP_PROJ(1.0),Population projections,I,ESP,Spain,POP,Population,PS,Persons,_T,Total,_T,Total,P,Projection,2026,,48525539.193801,,A,Normal value,0,Units,0,Zero
DATAFLOW,OECD.ELS.SAE:DSD_POPULATION@DF_POP_PROJ(1.0),Population projections,I,ESP,Spain,POP,Population,PS,Persons,_T,Total,_T,Total,P,Projection,2027,,48795709.043113,,A,Normal value,0,Units,0,Zero
DATAFLOW,OECD.ELS.SAE:DSD_POPULATION@DF_POP_PROJ(1.0),Population projections,I,ESP,Spain,POP,Population,PS,Persons,_T,Total,_T,Total,P,Projection,2028,,49049910.756047,,A,Normal value,0,Units,0,Zero
DATAFLOW,OECD.ELS.SAE:DSD_POPULATION@DF_POP_PROJ(1.0),Population projections,I,ESP,Spain,POP,Population,PS,Persons,_T,Total,_T,Total,P,Projection,2029,,49287353.753829,,A,Normal value,0,Units,0,Zero
DATAFLOW,OECD.ELS.SAE:DSD_POPULATION@DF_POP_PROJ(1.0),Population projections,I,ESP,Spain,POP,Population,PS,Persons,_T,Total,_T,Total,P,Projection,2030,,49506082.96182,,A,Normal value,0,Units,0,Zero
DATAFLOW,OECD.ELS.SAE:DSD_POPULATION@DF_POP_PROJ(1.0),Population projections,I,FRA,France,POP,Population,PS,Persons,_T,Total,_T,Total,P,Projection,2022,,68049785,,A,Normal value,0,Units,0,Zero
DATAFLOW,OECD.ELS.SAE:DSD_POPULATION@DF_POP_PROJ(1.0),Population projections,I,FRA,France,POP,Population,PS,Persons,_T,Total,_T,Total,P,Projection,2023,,68347715,,A,Normal value,0,Units,0,Zero
DATAFLOW,OECD.ELS.SAE:DSD_POPULATION@DF_POP_PROJ(1.0),Population projections,I,FRA,France,POP,Population,PS,Persons,_T,Total,_T,Total,P,Projection,2024,,68563013,,A,Normal value,0,Units,0,Zero
DATAFLOW,OECD.ELS.SAE:DSD_POPULATION@DF_POP_PROJ(1.0),Population projections,I,FRA,France,POP,Population,PS,Persons,_T,Total,_T,Total,P,Projection,2025,,68743401,,A,Normal value,0,Units,0,Zero
DATAFLOW,OECD.ELS.SAE:DSD_POPULATION@DF_POP_PROJ(1.0),Population projections,I,FRA,France,POP,Population,PS,Persons,_T,Total,_T,Total,P,Projection,2026,,68904862,,A,Normal value,0,Units,0,Zero
DATAFLOW,OECD.ELS.SAE:DSD_POPULATION@DF_POP_PROJ(1.0),Population projections,I,FRA,France,POP,Population,PS,Persons,_T,Total,_T,Total,P,Projection,2027,,69048543,,A,Normal value,0,Units,0,Zero
DATAFLOW,OECD.ELS.SAE:DSD_POPULATION@DF_POP_PROJ(1.0),Population projections,I,FRA,France,POP,Population,PS,Persons,_T,Total,_T,Total,P,Projection,2028,,69183856,,A,Normal value,0,Units,0,Zero
DATAFLOW,OECD.ELS.SAE:DSD_POPULATION@DF_POP_PROJ(1.0),Population projections,I,FRA,France,POP,Population,PS,Persons,_T,Total,_T,Total,P,Projection,2029,,69318985,,A,Normal value,0,Units,0,Zero
DATAFLOW,OECD.ELS.SAE:DSD_POPULATION@DF_POP_PROJ(1.0),Population projections,I,FRA,France,POP,Population,PS,Persons,_T,Total,_T,Total,P,Projection,2030,,69452680,,A,Normal value,0,Units,0,Zero
DATAFLOW,OECD.ELS.SAE:DSD_POPULATION@DF_POP_PROJ(1.0),Population projections,I,FIN,Finland,POP,Population,PS,Persons,_T,Total,_T,Total,P,Projection,2022,,5578239,,A,Normal value,0,Units,0,Zero
DATAFLOW,OECD.ELS.SAE:DSD_POPULATION@DF_POP_PROJ(1.0),Population projections,I,FIN,Finland,POP,Population,PS,Persons,_T,Total,_T,Total,P,Projection,2023,,5620395,,A,Normal value,0,Units,0,Zero
DATAFLOW,OECD.ELS.SAE:DSD_POPULATION@DF_POP_PROJ(1.0),Population projections,I,FIN,Finland,POP,Population,PS,Persons,_T,Total,_T,Total,P,Projection,2024,,5636489,,A,Normal value,0,Units,0,Zero
DATAFLOW,OECD.ELS.SAE:DSD_POPULATION@DF_POP_PROJ(1.0),Population projections,I,FIN,Finland,POP,Population,PS,Persons,_T,Total,_T,Total,P,Projection,2025,,5642437,,A,Normal value,0,Units,0,Zero
DATAFLOW,OECD.ELS.SAE:DSD_POPULATION@DF_POP_PROJ(1.0),Population projections,I,FIN,Finland,POP,Population,PS,Persons,_T,Total,_T,Total,P,Projection,2026,,5644475,,A,Normal value,0,Units,0,Zero
DATAFLOW,OECD.ELS.SAE:DSD_POPULATION@DF_POP_PROJ(1.0),Population projections,I,FIN,Finland,POP,Population,PS,Persons,_T,Total,_T,Total,P,Projection,2027,,5642560,,A,Normal value,0,Units,0,Zero
DATAFLOW,OECD.ELS.SAE:DSD_POPULATION@DF_POP_PROJ(1.0),Population projections,I,FIN,Finland,POP,Population,PS,Persons,_T,Total,_T,Total,P,Projection,2028,,5638492,,A,Normal value,0,Units,0,Zero
DATAFLOW,OECD.ELS.SAE:DSD_POPULATION@DF_POP_PROJ(1.0),Population projections,I,FIN,Finland,POP,Population,PS,Persons,_T,Total,_T,Total,P,Projection,2029,,5633922,,A,Normal value,0,Units,0,Zero
DATAFLOW,OECD.ELS.SAE:DSD_POPULATION@DF_POP_PROJ(1.0),Population projections,I,FIN,Finland,POP,Population,PS,Persons,_T,Total,_T,Total,P,Projection,2030,,5628778,,A,Normal value,0,Units,0,Zero
DATAFLOW,OECD.ELS.SAE:DSD_POPULATION@DF_POP_PROJ(1.0),Population projections,I,GBR,United Kingdom,POP,Population,PS,Persons,_T,Total,_T,Total,P,Projection,2022,,67595824,,A,Normal value,0,Units,0,Zero
DATAFLOW,OECD.ELS.SAE:DSD_POPULATION@DF_POP_PROJ(1.0),Population projections,I,GBR,United Kingdom,POP,Population,PS,Persons,_T,Total,_T,Total,P,Projection,2023,,67844315,,A,Normal value,0,Units,0,Zero
DATAFLOW,OECD.ELS.SAE:DSD_POPULATION@DF_POP_PROJ(1.0),Population projections,I,GBR,United Kingdom,POP,Population,PS,Persons,_T,Total,_T,Total,P,Projection,2024,,68081792,,A,Normal value,0,Units,0,Zero
DATAFLOW,OECD.ELS.SAE:DSD_POPULATION@DF_POP_PROJ(1.0),Population projections,I,GBR,United Kingdom,POP,Population,PS,Persons,_T,Total,_T,Total,P,Projection,2025,,68304932,,A,Normal value,0,Units,0,Zero
DATAFLOW,OECD.ELS.SAE:DSD_POPULATION@DF_POP_PROJ(1.0),Population projections,I,GBR,United Kingdom,POP,Population,PS,Persons,_T,Total,_T,Total,P,Projection,2026,,68512086,,A,Normal value,0,Units,0,Zero
DATAFLOW,OECD.ELS.SAE:DSD_POPULATION@DF_POP_PROJ(1.0),Population projections,I,GBR,United Kingdom,POP,Population,PS,Persons,_T,Total,_T,Total,P,Projection,2027,,68701986,,A,Normal value,0,Units,0,Zero
DATAFLOW,OECD.ELS.SAE:DSD_POPULATION@DF_POP_PROJ(1.0),Population projections,I,GBR,United Kingdom,POP,Population,PS,Persons,_T,Total,_T,Total,P,Projection,2028,,68881062,,A,Normal value,0,Units,0,Zero
DATAFLOW,OECD.ELS.SAE:DSD_POPULATION@DF_POP_PROJ(1.0),Population projections,I,GBR,United Kingdom,POP,Population,PS,Persons,_T,Total,_T,Total,P,Projection,2029,,69049389,,A,Normal value,0,Units,0,Zero
DATAFLOW,OECD.ELS.SAE:DSD_POPULATION@DF_POP_PROJ(1.0),Population projections,I,GBR,United Kingdom,POP,Population,PS,Persons,_T,Total,_T,Total,P,Projection,2030,,69207197,,A,Normal value,0,Units,0,Zero
DATAFLOW,OECD.ELS.SAE:DSD_POPULATION@DF_POP_PROJ(1.0),Population projections,I,CAN,Canada,POP,Population,PS,Persons,_T,Total,_T,Total,P,Projection,2022,,38882000,,A,Normal value,0,Units,0,Zero
DATAFLOW,OECD.ELS.SAE:DSD_POPULATION@DF_POP_PROJ(1.0),Population projections,I,CAN,Canada,POP,Population,PS,Persons,_T,Total,_T,Total,P,Projection,2023,,39426000,,A,Normal value,0,Units,0,Zero
DATAFLOW,OECD.ELS.SAE:DSD_POPULATION@DF_POP_PROJ(1.0),Population projections,I,CAN,Canada,POP,Population,PS,Persons,_T,Total,_T,Total,P,Projection,2024,,39953100,,A,Normal value,0,Units,0,Zero
DATAFLOW,OECD.ELS.SAE:DSD_POPULATION@DF_POP_PROJ(1.0),Population projections,I,CAN,Canada,POP,Population,PS,Persons,_T,Total,_T,Total,P,Projection,2025,,40464700,,A,Normal value,0,Units,0,Zero
DATAFLOW,OECD.ELS.SAE:DSD_POPULATION@DF_POP_PROJ(1.0),Population projections,I,CAN,Canada,POP,Population,PS,Persons,_T,Total,_T,Total,P,Projection,2026,,40964600,,A,Normal value,0,Units,0,Zero
DATAFLOW,OECD.ELS.SAE:DSD_POPULATION@DF_POP_PROJ(1.0),Population projections,I,CAN,Canada,POP,Population,PS,Persons,_T,Total,_T,Total,P,Projection,2027,,41452700,,A,Normal value,0,Units,0,Zero
DATAFLOW,OECD.ELS.SAE:DSD_POPULATION@DF_POP_PROJ(1.0),Population projections,I,CAN,Canada,POP,Population,PS,Persons,_T,Total,_T,Total,P,Projection,2028,,41928300,,A,Normal value,0,Units,0,Zero
DATAFLOW,OECD.ELS.SAE:DSD_POPULATION@DF_POP_PROJ(1.0),Population projections,I,CAN,Canada,POP,Population,PS,Persons,_T,Total,_T,Total,P,Projection,2029,,42391300,,A,Normal value,0,Units,0,Zero
DATAFLOW,OECD.ELS.SAE:DSD_POPULATION@DF_POP_PROJ(1.0),Population projections,I,CAN,Canada,POP,Population,PS,Persons,_T,Total,_T,Total,P,Projection,2030,,42840800,,A,Normal value,0,Units,0,Zero
DATAFLOW,OECD.ELS.SAE:DSD_POPULATION@DF_POP_PROJ(1.0),Population projections,I,LUX,Luxembourg,POP,Population,PS,Persons,_T,Total,_T,Total,P,Projection,2022,,653965,,A,Normal value,0,Units,0,Zero
DATAFLOW,OECD.ELS.SAE:DSD_POPULATION@DF_POP_PROJ(1.0),Population projections,I,LUX,Luxembourg,POP,Population,PS,Persons,_T,Total,_T,Total,P,Projection,2023,,669076,,A,Normal value,0,Units,0,Zero
DATAFLOW,OECD.ELS.SAE:DSD_POPULATION@DF_POP_PROJ(1.0),Population projections,I,LUX,Luxembourg,POP,Population,PS,Persons,_T,Total,_T,Total,P,Projection,2024,,681352,,A,Normal value,0,Units,0,Zero
DATAFLOW,OECD.ELS.SAE:DSD_POPULATION@DF_POP_PROJ(1.0),Population projections,I,LUX,Luxembourg,POP,Population,PS,Persons,_T,Total,_T,Total,P,Projection,2025,,692686,,A,Normal value,0,Units,0,Zero
DATAFLOW,OECD.ELS.SAE:DSD_POPULATION@DF_POP_PROJ(1.0),Population projections,I,LUX,Luxembourg,POP,Population,PS,Persons,_T,Total,_T,Total,P,Projection,2026,,703731,,A,Normal value,0,Units,0,Zero
DATAFLOW,OECD.ELS.SAE:DSD_POPULATION@DF_POP_PROJ(1.0),Population projections,I,LUX,Luxembourg,POP,Population,PS,Persons,_T,Total,_T,Total,P,Projection,2027,,714483,,A,Normal value,0,Units,0,Zero
DATAFLOW,OECD.ELS.SAE:DSD_POPULATION@DF_POP_PROJ(1.0),Population projections,I,LUX,Luxembourg,POP,Population,PS,Persons,_T,Total,_T,Total,P,Projection,2028,,724982,,A,Normal value,0,Units,0,Zero
DATAFLOW,OECD.ELS.SAE:DSD_POPULATION@DF_POP_PROJ(1.0),Population projections,I,LUX,Luxembourg,POP,Population,PS,Persons,_T,Total,_T,Total,P,Projection,2029,,735301,,A,Normal value,0,Units,0,Zero
DATAFLOW,OECD.ELS.SAE:DSD_POPULATION@DF_POP_PROJ(1.0),Population projections,I,LUX,Luxembourg,POP,Population,PS,Persons,_T,Total,_T,Total,P,Projection,2030,,745424,,A,Normal value,0,Units,0,Zero
DATAFLOW,OECD.ELS.SAE:DSD_POPULATION@DF_POP_PROJ(1.0),Population projections,I,ARG,Argentina,POP,Population,PS,Persons,_T,Total,_T,Total,P,Projection,2022,,46010234,,A,Normal value,0,Units,0,Zero
DATAFLOW,OECD.ELS.SAE:DSD_POPULATION@DF_POP_PROJ(1.0),Population projections,I,ARG,Argentina,POP,Population,PS,Persons,_T,Total,_T,Total,P,Projection,2023,,46409168,,A,Normal value,0,Units,0,Zero
DATAFLOW,OECD.ELS.SAE:DSD_POPULATION@DF_POP_PROJ(1.0),Population projections,I,ARG,Argentina,POP,Population,PS,Persons,_T,Total,_T,Total,P,Projection,2024,,46803049,,A,Normal value,0,Units,0,Zero
DATAFLOW,OECD.ELS.SAE:DSD_POPULATION@DF_POP_PROJ(1.0),Population projections,I,ARG,Argentina,POP,Population,PS,Persons,_T,Total,_T,Total,P,Projection,2025,,47192100,,A,Normal value,0,Units,0,Zero
DATAFLOW,OECD.ELS.SAE:DSD_POPULATION@DF_POP_PROJ(1.0),Population projections,I,ARG,Argentina,POP,Population,PS,Persons,_T,Total,_T,Total,P,Projection,2026,,47576269,,A,Normal value,0,Units,0,Zero
DATAFLOW,OECD.ELS.SAE:DSD_POPULATION@DF_POP_PROJ(1.0),Population projections,I,ARG,Argentina,POP,Population,PS,Persons,_T,Total,_T,Total,P,Projection,2027,,47955212,,A,Normal value,0,Units,0,Zero
DATAFLOW,OECD.ELS.SAE:DSD_POPULATION@DF_POP_PROJ(1.0),Population projections,I,ARG,Argentina,POP,Population,PS,Persons,_T,Total,_T,Total,P,Projection,2028,,48328513,,A,Normal value,0,Units,0,Zero
DATAFLOW,OECD.ELS.SAE:DSD_POPULATION@DF_POP_PROJ(1.0),Population projections,I,ARG,Argentina,POP,Population,PS,Persons,_T,Total,_T,Total,P,Projection,2029,,48695635,,A,Normal value,0,Units,0,Zero
DATAFLOW,OECD.ELS.SAE:DSD_POPULATION@DF_POP_PROJ(1.0),Population projections,I,ARG,Argentina,POP,Population,PS,Persons,_T,Total,_T,Total,P,Projection,2030,,49056162,,A,Normal value,0,Units,0,Zero
DATAFLOW,OECD.ELS.SAE:DSD_POPULATION@DF_POP_PROJ(1.0),Population projections,I,SVN,Slovenia,POP,Population,PS,Persons,_T,Total,_T,Total,P,Projection,2022,,2111948,,A,Normal value,0,Units,0,Zero
DATAFLOW,OECD.ELS.SAE:DSD_POPULATION@DF_POP_PROJ(1.0),Population projections,I,SVN,Slovenia,POP,Population,PS,Persons,_T,Total,_T,Total,P,Projection,2023,,2118286,,A,Normal value,0,Units,0,Zero
DATAFLOW,OECD.ELS.SAE:DSD_POPULATION@DF_POP_PROJ(1.0),Population projections,I,SVN,Slovenia,POP,Population,PS,Persons,_T,Total,_T,Total,P,Projection,2024,,2120324,,A,Normal value,0,Units,0,Zero
DATAFLOW,OECD.ELS.SAE:DSD_POPULATION@DF_POP_PROJ(1.0),Population projections,I,SVN,Slovenia,POP,Population,PS,Persons,_T,Total,_T,Total,P,Projection,2025,,2120922,,A,Normal value,0,Units,0,Zero
DATAFLOW,OECD.ELS.SAE:DSD_POPULATION@DF_POP_PROJ(1.0),Population projections,I,SVN,Slovenia,POP,Population,PS,Persons,_T,Total,_T,Total,P,Projection,2026,,2121030,,A,Normal value,0,Units,0,Zero
DATAFLOW,OECD.ELS.SAE:DSD_POPULATION@DF_POP_PROJ(1.0),Population projections,I,SVN,Slovenia,POP,Population,PS,Persons,_T,Total,_T,Total,P,Projection,2027,,2120719,,A,Normal value,0,Units,0,Zero
DATAFLOW,OECD.ELS.SAE:DSD_POPULATION@DF_POP_PROJ(1.0),Population projections,I,SVN,Slovenia,POP,Population,PS,Persons,_T,Total,_T,Total,P,Projection,2028,,2120085,,A,Normal value,0,Units,0,Zero
DATAFLOW,OECD.ELS.SAE:DSD_POPULATION@DF_POP_PROJ(1.0),Population projections,I,SVN,Slovenia,POP,Population,PS,Persons,_T,Total,_T,Total,P,Projection,2029,,2119267,,A,Normal value,0,Units,0,Zero
DATAFLOW,OECD.ELS.SAE:DSD_POPULATION@DF_POP_PROJ(1.0),Population projections,I,SVN,Slovenia,POP,Population,PS,Persons,_T,Total,_T,Total,P,Projection,2030,,2118356,,A,Normal value,0,Units,0,Zero
DATAFLOW,OECD.ELS.SAE:DSD_POPULATION@DF_POP_PROJ(1.0),Population projections,I,W,World,POP,Population,PS,Persons,_T,Total,_T,Total,P,Projection,2022,,7975105155,,A,Normal value,0,Units,0,Zero
DATAFLOW,OECD.ELS.SAE:DSD_POPULATION@DF_POP_PROJ(1.0),Population projections,I,W,World,POP,Population,PS,Persons,_T,Total,_T,Total,P,Projection,2023,,8045311447,,A,Normal value,0,Units,0,Zero
DATAFLOW,OECD.ELS.SAE:DSD_POPULATION@DF_POP_PROJ(1.0),Population projections,I,W,World,POP,Population,PS,Persons,_T,Total,_T,Total,P,Projection,2024,,8118836000,,A,Normal value,0,Units,0,Zero
DATAFLOW,OECD.ELS.SAE:DSD_POPULATION@DF_POP_PROJ(1.0),Population projections,I,W,World,POP,Population,PS,Persons,_T,Total,_T,Total,P,Projection,2025,,8191988452,,A,Normal value,0,Units,0,Zero
DATAFLOW,OECD.ELS.SAE:DSD_POPULATION@DF_POP_PROJ(1.0),Population projections,I,W,World,POP,Population,PS,Persons,_T,Total,_T,Total,P,Projection,2026,,8264364508,,A,Normal value,0,Units,0,Zero
DATAFLOW,OECD.ELS.SAE:DSD_POPULATION@DF_POP_PROJ(1.0),Population projections,I,W,World,POP,Population,PS,Persons,_T,Total,_T,Total,P,Projection,2027,,8335977673,,A,Normal value,0,Units,0,Zero
DATAFLOW,OECD.ELS.SAE:DSD_POPULATION@DF_POP_PROJ(1.0),Population projections,I,W,World,POP,Population,PS,Persons,_T,Total,_T,Total,P,Projection,2028,,8406828792,,A,Normal value,0,Units,0,Zero
DATAFLOW,OECD.ELS.SAE:DSD_POPULATION@DF_POP_PROJ(1.0),Population projections,I,W,World,POP,Population,PS,Persons,_T,Total,_T,Total,P,Projection,2029,,8476889392,,A,Normal value,0,Units,0,Zero
DATAFLOW,OECD.ELS.SAE:DSD_POPULATION@DF_POP_PROJ(1.0),Population projections,I,W,World,POP,Population,PS,Persons,_T,Total,_T,Total,P,Projection,2030,,8546141327,,A,Normal value,0,Units,0,Zero
DATAFLOW,OECD.ELS.SAE:DSD_POPULATION@DF_POP_PROJ(1.0),Population projections,I,CHN,China (People’s Republic of),POP,Population,PS,Persons,_T,Total,_T,Total,P,Projection,2022,,1425887335,,A,Normal value,0,Units,0,Zero
DATAFLOW,OECD.ELS.SAE:DSD_POPULATION@DF_POP_PROJ(1.0),Population projections,I,CHN,China (People’s Republic of),POP,Population,PS,Persons,_T,Total,_T,Total,P,Projection,2023,,1425671352,,A,Normal value,0,Units,0,Zero
DATAFLOW,OECD.ELS.SAE:DSD_POPULATION@DF_POP_PROJ(1.0),Population projections,I,CHN,China (People’s Republic of),POP,Population,PS,Persons,_T,Total,_T,Total,P,Projection,2024,,1425178782,,A,Normal value,0,Units,0,Zero
DATAFLOW,OECD.ELS.SAE:DSD_POPULATION@DF_POP_PROJ(1.0),Population projections,I,CHN,China (People’s Republic of),POP,Population,PS,Persons,_T,Total,_T,Total,P,Projection,2025,,1424381922,,A,Normal value,0,Units,0,Zero
DATAFLOW,OECD.ELS.SAE:DSD_POPULATION@DF_POP_PROJ(1.0),Population projections,I,CHN,China (People’s Republic of),POP,Population,PS,Persons,_T,Total,_T,Total,P,Projection,2026,,1423255202,,A,Normal value,0,Units,0,Zero
DATAFLOW,OECD.ELS.SAE:DSD_POPULATION@DF_POP_PROJ(1.0),Population projections,I,CHN,China (People’s Republic of),POP,Population,PS,Persons,_T,Total,_T,Total,P,Projection,2027,,1421809061,,A,Normal value,0,Units,0,Zero
DATAFLOW,OECD.ELS.SAE:DSD_POPULATION@DF_POP_PROJ(1.0),Population projections,I,CHN,China (People’s Republic of),POP,Population,PS,Persons,_T,Total,_T,Total,P,Projection,2028,,1420045582,,A,Normal value,0,Units,0,Zero
DATAFLOW,OECD.ELS.SAE:DSD_POPULATION@DF_POP_PROJ(1.0),Population projections,I,CHN,China (People’s Republic of),POP,Population,PS,Persons,_T,Total,_T,Total,P,Projection,2029,,1417974642,,A,Normal value,0,Units,0,Zero
DATAFLOW,OECD.ELS.SAE:DSD_POPULATION@DF_POP_PROJ(1.0),Population projections,I,CHN,China (People’s Republic of),POP,Population,PS,Persons,_T,Total,_T,Total,P,Projection,2030,,1415605905,,A,Normal value,0,Units,0,Zero
DATAFLOW,OECD.ELS.SAE:DSD_POPULATION@DF_POP_PROJ(1.0),Population projections,I,ITA,Italy,POP,Population,PS,Persons,_T,Total,_T,Total,P,Projection,2022,,59044380,,A,Normal value,0,Units,0,Zero
DATAFLOW,OECD.ELS.SAE:DSD_POPULATION@DF_POP_PROJ(1.0),Population projections,I,ITA,Italy,POP,Population,PS,Persons,_T,Total,_T,Total,P,Projection,2023,,59035203,,A,Normal value,0,Units,0,Zero
DATAFLOW,OECD.ELS.SAE:DSD_POPULATION@DF_POP_PROJ(1.0),Population projections,I,ITA,Italy,POP,Population,PS,Persons,_T,Total,_T,Total,P,Projection,2024,,58981420,,A,Normal value,0,Units,0,Zero
DATAFLOW,OECD.ELS.SAE:DSD_POPULATION@DF_POP_PROJ(1.0),Population projections,I,ITA,Italy,POP,Population,PS,Persons,_T,Total,_T,Total,P,Projection,2025,,58924972,,A,Normal value,0,Units,0,Zero
DATAFLOW,OECD.ELS.SAE:DSD_POPULATION@DF_POP_PROJ(1.0),Population projections,I,ITA,Italy,POP,Population,PS,Persons,_T,Total,_T,Total,P,Projection,2026,,58878138,,A,Normal value,0,Units,0,Zero
DATAFLOW,OECD.ELS.SAE:DSD_POPULATION@DF_POP_PROJ(1.0),Population projections,I,ITA,Italy,POP,Population,PS,Persons,_T,Total,_T,Total,P,Projection,2027,,58841680,,A,Normal value,0,Units,0,Zero
DATAFLOW,OECD.ELS.SAE:DSD_POPULATION@DF_POP_PROJ(1.0),Population projections,I,ITA,Italy,POP,Population,PS,Persons,_T,Total,_T,Total,P,Projection,2028,,58811700,,A,Normal value,0,Units,0,Zero
DATAFLOW,OECD.ELS.SAE:DSD_POPULATION@DF_POP_PROJ(1.0),Population projections,I,ITA,Italy,POP,Population,PS,Persons,_T,Total,_T,Total,P,Projection,2029,,58785627,,A,Normal value,0,Units,0,Zero
DATAFLOW,OECD.ELS.SAE:DSD_POPULATION@DF_POP_PROJ(1.0),Population projections,I,ITA,Italy,POP,Population,PS,Persons,_T,Total,_T,Total,P,Projection,2030,,58761348,,A,Normal value,0,Units,0,Zero
DATAFLOW,OECD.ELS.SAE:DSD_POPULATION@DF_POP_PROJ(1.0),Population projections,I,IRL,Ireland,POP,Population,PS,Persons,_T,Total,_T,Total,P,Projection,2022,,5117141,,A,Normal value,0,Units,0,Zero
DATAFLOW,OECD.ELS.SAE:DSD_POPULATION@DF_POP_PROJ(1.0),Population projections,I,IRL,Ireland,POP,Population,PS,Persons,_T,Total,_T,Total,P,Projection,2023,,5200083,,A,Normal value,0,Units,0,Zero
DATAFLOW,OECD.ELS.SAE:DSD_POPULATION@DF_POP_PROJ(1.0),Population projections,I,IRL,Ireland,POP,Population,PS,Persons,_T,Total,_T,Total,P,Projection,2024,,5241630,,A,Normal value,0,Units,0,Zero
DATAFLOW,OECD.ELS.SAE:DSD_POPULATION@DF_POP_PROJ(1.0),Population projections,I,IRL,Ireland,POP,Population,PS,Persons,_T,Total,_T,Total,P,Projection,2025,,5273206,,A,Normal value,0,Units,0,Zero
DATAFLOW,OECD.ELS.SAE:DSD_POPULATION@DF_POP_PROJ(1.0),Population projections,I,IRL,Ireland,POP,Population,PS,Persons,_T,Total,_T,Total,P,Projection,2026,,5304957,,A,Normal value,0,Units,0,Zero
DATAFLOW,OECD.ELS.SAE:DSD_POPULATION@DF_POP_PROJ(1.0),Population projections,I,IRL,Ireland,POP,Population,PS,Persons,_T,Total,_T,Total,P,Projection,2027,,5336943,,A,Normal value,0,Units,0,Zero
DATAFLOW,OECD.ELS.SAE:DSD_POPULATION@DF_POP_PROJ(1.0),Population projections,I,IRL,Ireland,POP,Population,PS,Persons,_T,Total,_T,Total,P,Projection,2028,,5368995,,A,Normal value,0,Units,0,Zero
DATAFLOW,OECD.ELS.SAE:DSD_POPULATION@DF_POP_PROJ(1.0),Population projections,I,IRL,Ireland,POP,Population,PS,Persons,_T,Total,_T,Total,P,Projection,2029,,5400959,,A,Normal value,0,Units,0,Zero
DATAFLOW,OECD.ELS.SAE:DSD_POPULATION@DF_POP_PROJ(1.0),Population projections,I,IRL,Ireland,POP,Population,PS,Persons,_T,Total,_T,Total,P,Projection,2030,,5432883,,A,Normal value,0,Units,0,Zero
DATAFLOW,OECD.ELS.SAE:DSD_POPULATION@DF_POP_PROJ(1.0),Population projections,I,LVA,Latvia,POP,Population,PS,Persons,_T,Total,_T,Total,P,Projection,2022,,1884949,,A,Normal value,0,Units,0,Zero
DATAFLOW,OECD.ELS.SAE:DSD_POPULATION@DF_POP_PROJ(1.0),Population projections,I,LVA,Latvia,POP,Population,PS,Persons,_T,Total,_T,Total,P,Projection,2023,,1888776,,A,Normal value,0,Units,0,Zero
DATAFLOW,OECD.ELS.SAE:DSD_POPULATION@DF_POP_PROJ(1.0),Population projections,I,LVA,Latvia,POP,Population,PS,Persons,_T,Total,_T,Total,P,Projection,2024,,1873241,,A,Normal value,0,Units,0,Zero
DATAFLOW,OECD.ELS.SAE:DSD_POPULATION@DF_POP_PROJ(1.0),Population projections,I,LVA,Latvia,POP,Population,PS,Persons,_T,Total,_T,Total,P,Projection,2025,,1852741,,A,Normal value,0,Units,0,Zero
DATAFLOW,OECD.ELS.SAE:DSD_POPULATION@DF_POP_PROJ(1.0),Population projections,I,LVA,Latvia,POP,Population,PS,Persons,_T,Total,_T,Total,P,Projection,2026,,1831800,,A,Normal value,0,Units,0,Zero
DATAFLOW,OECD.ELS.SAE:DSD_POPULATION@DF_POP_PROJ(1.0),Population projections,I,LVA,Latvia,POP,Population,PS,Persons,_T,Total,_T,Total,P,Projection,2027,,1810204,,A,Normal value,0,Units,0,Zero
DATAFLOW,OECD.ELS.SAE:DSD_POPULATION@DF_POP_PROJ(1.0),Population projections,I,LVA,Latvia,POP,Population,PS,Persons,_T,Total,_T,Total,P,Projection,2028,,1788409,,A,Normal value,0,Units,0,Zero
DATAFLOW,OECD.ELS.SAE:DSD_POPULATION@DF_POP_PROJ(1.0),Population projections,I,LVA,Latvia,POP,Population,PS,Persons,_T,Total,_T,Total,P,Projection,2029,,1766969,,A,Normal value,0,Units,0,Zero
DATAFLOW,OECD.ELS.SAE:DSD_POPULATION@DF_POP_PROJ(1.0),Population projections,I,LVA,Latvia,POP,Population,PS,Persons,_T,Total,_T,Total,P,Projection,2030,,1745918,,A,Normal value,0,Units,0,Zero
DATAFLOW,OECD.ELS.SAE:DSD_POPULATION@DF_POP_PROJ(1.0),Population projections,I,JPN,Japan,POP,Population,PS,Persons,_T,Total,_T,Total,P,Projection,2022,,124310234,,A,Normal value,0,Units,0,Zero
DATAFLOW,OECD.ELS.SAE:DSD_POPULATION@DF_POP_PROJ(1.0),Population projections,I,JPN,Japan,POP,Population,PS,Persons,_T,Total,_T,Total,P,Projection,2023,,123750592,,A,Normal value,0,Units,0,Zero
DATAFLOW,OECD.ELS.SAE:DSD_POPULATION@DF_POP_PROJ(1.0),Population projections,I,JPN,Japan,POP,Population,PS,Persons,_T,Total,_T,Total,P,Projection,2024,,123160805,,A,Normal value,0,Units,0,Zero
DATAFLOW,OECD.ELS.SAE:DSD_POPULATION@DF_POP_PROJ(1.0),Population projections,I,JPN,Japan,POP,Population,PS,Persons,_T,Total,_T,Total,P,Projection,2025,,122544101,,A,Normal value,0,Units,0,Zero
DATAFLOW,OECD.ELS.SAE:DSD_POPULATION@DF_POP_PROJ(1.0),Population projections,I,JPN,Japan,POP,Population,PS,Persons,_T,Total,_T,Total,P,Projection,2026,,121903096,,A,Normal value,0,Units,0,Zero
DATAFLOW,OECD.ELS.SAE:DSD_POPULATION@DF_POP_PROJ(1.0),Population projections,I,JPN,Japan,POP,Population,PS,Persons,_T,Total,_T,Total,P,Projection,2027,,121239693,,A,Normal value,0,Units,0,Zero
DATAFLOW,OECD.ELS.SAE:DSD_POPULATION@DF_POP_PROJ(1.0),Population projections,I,JPN,Japan,POP,Population,PS,Persons,_T,Total,_T,Total,P,Projection,2028,,120555142,,A,Normal value,0,Units,0,Zero
DATAFLOW,OECD.ELS.SAE:DSD_POPULATION@DF_POP_PROJ(1.0),Population projections,I,JPN,Japan,POP,Population,PS,Persons,_T,Total,_T,Total,P,Projection,2029,,119850174,,A,Normal value,0,Units,0,Zero
DATAFLOW,OECD.ELS.SAE:DSD_POPULATION@DF_POP_PROJ(1.0),Population projections,I,JPN,Japan,POP,Population,PS,Persons,_T,Total,_T,Total,P,Projection,2030,,119125143,,A,Normal value,0,Units,0,Zero
DATAFLOW,OECD.ELS.SAE:DSD_POPULATION@DF_POP_PROJ(1.0),Population projections,I,SGP,Singapore,POP,Population,PS,Persons,_T,Total,_T,Total,P,Projection,2022,,4073239,,A,Normal value,0,Units,0,Zero
DATAFLOW,OECD.ELS.SAE:DSD_POPULATION@DF_POP_PROJ(1.0),Population projections,I,SGP,Singapore,POP,Population,PS,Persons,_T,Total,_T,Total,P,Projection,2023,,4122945,,A,Normal value,0,Units,0,Zero
DATAFLOW,OECD.ELS.SAE:DSD_POPULATION@DF_POP_PROJ(1.0),Population projections,I,SGP,Singapore,POP,Population,PS,Persons,_T,Total,_T,Total,P,Projection,2024,,4147046,,A,Normal value,0,Units,0,Zero
DATAFLOW,OECD.ELS.SAE:DSD_POPULATION@DF_POP_PROJ(1.0),Population projections,I,SGP,Singapore,POP,Population,PS,Persons,_T,Total,_T,Total,P,Projection,2025,,4162490,,A,Normal value,0,Units,0,Zero
DATAFLOW,OECD.ELS.SAE:DSD_POPULATION@DF_POP_PROJ(1.0),Population projections,I,SGP,Singapore,POP,Population,PS,Persons,_T,Total,_T,Total,P,Projection,2026,,4107392,,A,Normal value,0,Units,0,Zero
DATAFLOW,OECD.ELS.SAE:DSD_POPULATION@DF_POP_PROJ(1.0),Population projections,I,SGP,Singapore,POP,Population,PS,Persons,_T,Total,_T,Total,P,Projection,2027,,4201021,,A,Normal value,0,Units,0,Zero
DATAFLOW,OECD.ELS.SAE:DSD_POPULATION@DF_POP_PROJ(1.0),Population projections,I,SGP,Singapore,POP,Population,PS,Persons,_T,Total,_T,Total,P,Projection,2028,,4246045,,A,Normal value,0,Units,0,Zero
DATAFLOW,OECD.ELS.SAE:DSD_POPULATION@DF_POP_PROJ(1.0),Population projections,I,SGP,Singapore,POP,Population,PS,Persons,_T,Total,_T,Total,P,Projection,2029,,4269287,,A,Normal value,0,Units,0,Zero
DATAFLOW,OECD.ELS.SAE:DSD_POPULATION@DF_POP_PROJ(1.0),Population projections,I,SGP,Singapore,POP,Population,PS,Persons,_T,Total,_T,Total,P,Projection,2030,,4283509,,A,Normal value,0,Units,0,Zero
DATAFLOW,OECD.ELS.SAE:DSD_POPULATION@DF_POP_PROJ(1.0),Population projections,I,EU27,European Union (27 countries),POP,Population,PS,Persons,_T,Total,_T,Total,P,Projection,2022,,448659858.219674,,A,Normal value,0,Units,0,Zero
DATAFLOW,OECD.ELS.SAE:DSD_POPULATION@DF_POP_PROJ(1.0),Population projections,I,EU27,European Union (27 countries),POP,Population,PS,Persons,_T,Total,_T,Total,P,Projection,2023,,451547618.776167,,A,Normal value,0,Units,0,Zero
DATAFLOW,OECD.ELS.SAE:DSD_POPULATION@DF_POP_PROJ(1.0),Population projections,I,EU27,European Union (27 countries),POP,Population,PS,Persons,_T,Total,_T,Total,P,Projection,2024,,452460341.354341,,A,Normal value,0,Units,0,Zero
DATAFLOW,OECD.ELS.SAE:DSD_POPULATION@DF_POP_PROJ(1.0),Population projections,I,EU27,European Union (27 countries),POP,Population,PS,Persons,_T,Total,_T,Total,P,Projection,2025,,452758456.324959,,A,Normal value,0,Units,0,Zero
DATAFLOW,OECD.ELS.SAE:DSD_POPULATION@DF_POP_PROJ(1.0),Population projections,I,EU27,European Union (27 countries),POP,Population,PS,Persons,_T,Total,_T,Total,P,Projection,2026,,452940002.693801,,A,Normal value,0,Units,0,Zero
DATAFLOW,OECD.ELS.SAE:DSD_POPULATION@DF_POP_PROJ(1.0),Population projections,I,EU27,European Union (27 countries),POP,Population,PS,Persons,_T,Total,_T,Total,P,Projection,2027,,452999885.543113,,A,Normal value,0,Units,0,Zero
DATAFLOW,OECD.ELS.SAE:DSD_POPULATION@DF_POP_PROJ(1.0),Population projections,I,EU27,European Union (27 countries),POP,Population,PS,Persons,_T,Total,_T,Total,P,Projection,2028,,453004409.256047,,A,Normal value,0,Units,0,Zero
DATAFLOW,OECD.ELS.SAE:DSD_POPULATION@DF_POP_PROJ(1.0),Population projections,I,EU27,European Union (27 countries),POP,Population,PS,Persons,_T,Total,_T,Total,P,Projection,2029,,453012119.253829,,A,Normal value,0,Units,0,Zero
DATAFLOW,OECD.ELS.SAE:DSD_POPULATION@DF_POP_PROJ(1.0),Population projections,I,EU27,European Union (27 countries),POP,Population,PS,Persons,_T,Total,_T,Total,P,Projection,2030,,453004145.46182,,A,Normal value,0,Units,0,Zero
DATAFLOW,OECD.ELS.SAE:DSD_POPULATION@DF_POP_PROJ(1.0),Population projections,I,EST,Estonia,POP,Population,PS,Persons,_T,Total,_T,Total,P,Projection,2022,,1351807,,A,Normal value,0,Units,0,Zero
DATAFLOW,OECD.ELS.SAE:DSD_POPULATION@DF_POP_PROJ(1.0),Population projections,I,EST,Estonia,POP,Population,PS,Persons,_T,Total,_T,Total,P,Projection,2023,,1375986,,A,Normal value,0,Units,0,Zero
DATAFLOW,OECD.ELS.SAE:DSD_POPULATION@DF_POP_PROJ(1.0),Population projections,I,EST,Estonia,POP,Population,PS,Persons,_T,Total,_T,Total,P,Projection,2024,,1378833,,A,Normal value,0,Units,0,Zero
DATAFLOW,OECD.ELS.SAE:DSD_POPULATION@DF_POP_PROJ(1.0),Population projections,I,EST,Estonia,POP,Population,PS,Persons,_T,Total,_T,Total,P,Projection,2025,,1375946,,A,Normal value,0,Units,0,Zero
DATAFLOW,OECD.ELS.SAE:DSD_POPULATION@DF_POP_PROJ(1.0),Population projections,I,EST,Estonia,POP,Population,PS,Persons,_T,Total,_T,Total,P,Projection,2026,,1372518,,A,Normal value,0,Units,0,Zero
DATAFLOW,OECD.ELS.SAE:DSD_POPULATION@DF_POP_PROJ(1.0),Population projections,I,EST,Estonia,POP,Population,PS,Persons,_T,Total,_T,Total,P,Projection,2027,,1368587,,A,Normal value,0,Units,0,Zero
DATAFLOW,OECD.ELS.SAE:DSD_POPULATION@DF_POP_PROJ(1.0),Population projections,I,EST,Estonia,POP,Population,PS,Persons,_T,Total,_T,Total,P,Projection,2028,,1364465,,A,Normal value,0,Units,0,Zero
DATAFLOW,OECD.ELS.SAE:DSD_POPULATION@DF_POP_PROJ(1.0),Population projections,I,EST,Estonia,POP,Population,PS,Persons,_T,Total,_T,Total,P,Projection,2029,,1360535,,A,Normal value,0,Units,0,Zero
DATAFLOW,OECD.ELS.SAE:DSD_POPULATION@DF_POP_PROJ(1.0),Population projections,I,EST,Estonia,POP,Population,PS,Persons,_T,Total,_T,Total,P,Projection,2030,,1356765,,A,Normal value,0,Units,0,Zero
DATAFLOW,OECD.ELS.SAE:DSD_POPULATION@DF_POP_PROJ(1.0),Population projections,I,LTU,Lithuania,POP,Population,PS,Persons,_T,Total,_T,Total,P,Projection,2022,,2837694,,A,Normal value,0,Units,0,Zero
DATAFLOW,OECD.ELS.SAE:DSD_POPULATION@DF_POP_PROJ(1.0),Population projections,I,LTU,Lithuania,POP,Population,PS,Persons,_T,Total,_T,Total,P,Projection,2023,,2872313,,A,Normal value,0,Units,0,Zero
DATAFLOW,OECD.ELS.SAE:DSD_POPULATION@DF_POP_PROJ(1.0),Population projections,I,LTU,Lithuania,POP,Population,PS,Persons,_T,Total,_T,Total,P,Projection,2024,,2867847,,A,Normal value,0,Units,0,Zero
DATAFLOW,OECD.ELS.SAE:DSD_POPULATION@DF_POP_PROJ(1.0),Population projections,I,LTU,Lithuania,POP,Population,PS,Persons,_T,Total,_T,Total,P,Projection,2025,,2851275,,A,Normal value,0,Units,0,Zero
DATAFLOW,OECD.ELS.SAE:DSD_POPULATION@DF_POP_PROJ(1.0),Population projections,I,LTU,Lithuania,POP,Population,PS,Persons,_T,Total,_T,Total,P,Projection,2026,,2831028,,A,Normal value,0,Units,0,Zero
DATAFLOW,OECD.ELS.SAE:DSD_POPULATION@DF_POP_PROJ(1.0),Population projections,I,LTU,Lithuania,POP,Population,PS,Persons,_T,Total,_T,Total,P,Projection,2027,,2806811,,A,Normal value,0,Units,0,Zero
DATAFLOW,OECD.ELS.SAE:DSD_POPULATION@DF_POP_PROJ(1.0),Population projections,I,LTU,Lithuania,POP,Population,PS,Persons,_T,Total,_T,Total,P,Projection,2028,,2780638,,A,Normal value,0,Units,0,Zero
DATAFLOW,OECD.ELS.SAE:DSD_POPULATION@DF_POP_PROJ(1.0),Population projections,I,LTU,Lithuania,POP,Population,PS,Persons,_T,Total,_T,Total,P,Projection,2029,,2754783,,A,Normal value,0,Units,0,Zero
DATAFLOW,OECD.ELS.SAE:DSD_POPULATION@DF_POP_PROJ(1.0),Population projections,I,LTU,Lithuania,POP,Population,PS,Persons,_T,Total,_T,Total,P,Projection,2030,,2729169,,A,Normal value,0,Units,0,Zero
DATAFLOW,OECD.ELS.SAE:DSD_POPULATION@DF_POP_PROJ(1.0),Population projections,I,ROU,Romania,POP,Population,PS,Persons,_T,Total,_T,Total,P,Projection,2022,,19036371,,A,Normal value,0,Units,0,Zero
DATAFLOW,OECD.ELS.SAE:DSD_POPULATION@DF_POP_PROJ(1.0),Population projections,I,ROU,Romania,POP,Population,PS,Persons,_T,Total,_T,Total,P,Projection,2023,,18987086,,A,Normal value,0,Units,0,Zero
DATAFLOW,OECD.ELS.SAE:DSD_POPULATION@DF_POP_PROJ(1.0),Population projections,I,ROU,Romania,POP,Population,PS,Persons,_T,Total,_T,Total,P,Projection,2024,,18887787,,A,Normal value,0,Units,0,Zero
DATAFLOW,OECD.ELS.SAE:DSD_POPULATION@DF_POP_PROJ(1.0),Population projections,I,ROU,Romania,POP,Population,PS,Persons,_T,Total,_T,Total,P,Projection,2025,,18773151,,A,Normal value,0,Units,0,Zero
DATAFLOW,OECD.ELS.SAE:DSD_POPULATION@DF_POP_PROJ(1.0),Population projections,I,ROU,Romania,POP,Population,PS,Persons,_T,Total,_T,Total,P,Projection,2026,,18653957,,A,Normal value,0,Units,0,Zero
DATAFLOW,OECD.ELS.SAE:DSD_POPULATION@DF_POP_PROJ(1.0),Population projections,I,ROU,Romania,POP,Population,PS,Persons,_T,Total,_T,Total,P,Projection,2027,,18529939,,A,Normal value,0,Units,0,Zero
DATAFLOW,OECD.ELS.SAE:DSD_POPULATION@DF_POP_PROJ(1.0),Population projections,I,ROU,Romania,POP,Population,PS,Persons,_T,Total,_T,Total,P,Projection,2028,,18404139,,A,Normal value,0,Units,0,Zero
DATAFLOW,OECD.ELS.SAE:DSD_POPULATION@DF_POP_PROJ(1.0),Population projections,I,ROU,Romania,POP,Population,PS,Persons,_T,Total,_T,Total,P,Projection,2029,,18280139,,A,Normal value,0,Units,0,Zero
DATAFLOW,OECD.ELS.SAE:DSD_POPULATION@DF_POP_PROJ(1.0),Population projections,I,ROU,Romania,POP,Population,PS,Persons,_T,Total,_T,Total,P,Projection,2030,,18157941,,A,Normal value,0,Units,0,Zero
DATAFLOW,OECD.ELS.SAE:DSD_POPULATION@DF_POP_PROJ(1.0),Population projections,I,ZAF,South Africa,POP,Population,PS,Persons,_T,Total,_T,Total,P,Projection,2022,,60604992,,A,Normal value,0,Units,0,Zero
DATAFLOW,OECD.ELS.SAE:DSD_POPULATION@DF_POP_PROJ(1.0),Population projections,I,ZAF,South Africa,POP,Population,PS,Persons,_T,Total,_T,Total,P,Projection,2023,,61166360,,A,Normal value,0,Units,0,Zero
DATAFLOW,OECD.ELS.SAE:DSD_POPULATION@DF_POP_PROJ(1.0),Population projections,I,ZAF,South Africa,POP,Population,PS,Persons,_T,Total,_T,Total,P,Projection,2024,,61848053,,A,Normal value,0,Units,0,Zero
DATAFLOW,OECD.ELS.SAE:DSD_POPULATION@DF_POP_PROJ(1.0),Population projections,I,ZAF,South Africa,POP,Population,PS,Persons,_T,Total,_T,Total,P,Projection,2025,,62603826,,A,Normal value,0,Units,0,Zero
DATAFLOW,OECD.ELS.SAE:DSD_POPULATION@DF_POP_PROJ(1.0),Population projections,I,ZAF,South Africa,POP,Population,PS,Persons,_T,Total,_T,Total,P,Projection,2026,,63352840,,A,Normal value,0,Units,0,Zero
DATAFLOW,OECD.ELS.SAE:DSD_POPULATION@DF_POP_PROJ(1.0),Population projections,I,ZAF,South Africa,POP,Population,PS,Persons,_T,Total,_T,Total,P,Projection,2027,,64086957,,A,Normal value,0,Units,0,Zero
DATAFLOW,OECD.ELS.SAE:DSD_POPULATION@DF_POP_PROJ(1.0),Population projections,I,ZAF,South Africa,POP,Population,PS,Persons,_T,Total,_T,Total,P,Projection,2028,,64793640,,A,Normal value,0,Units,0,Zero
DATAFLOW,OECD.ELS.SAE:DSD_POPULATION@DF_POP_PROJ(1.0),Population projections,I,ZAF,South Africa,POP,Population,PS,Persons,_T,Total,_T,Total,P,Projection,2029,,65465343,,A,Normal value,0,Units,0,Zero
DATAFLOW,OECD.ELS.SAE:DSD_POPULATION@DF_POP_PROJ(1.0),Population projections,I,ZAF,South Africa,POP,Population,PS,Persons,_T,Total,_T,Total,P,Projection,2030,,66101222,,A,Normal value,0,Units,0,Zero
DATAFLOW,OECD.ELS.SAE:DSD_POPULATION@DF_POP_PROJ(1.0),Population projections,I,DNK,Denmark,POP,Population,PS,Persons,_T,Total,_T,Total,P,Projection,2022,,5910577,,A,Normal value,0,Units,0,Zero
DATAFLOW,OECD.ELS.SAE:DSD_POPULATION@DF_POP_PROJ(1.0),Population projections,I,DNK,Denmark,POP,Population,PS,Persons,_T,Total,_T,Total,P,Projection,2023,,5945573,,A,Normal value,0,Units,0,Zero
DATAFLOW,OECD.ELS.SAE:DSD_POPULATION@DF_POP_PROJ(1.0),Population projections,I,DNK,Denmark,POP,Population,PS,Persons,_T,Total,_T,Total,P,Projection,2024,,5949934,,A,Normal value,0,Units,0,Zero
DATAFLOW,OECD.ELS.SAE:DSD_POPULATION@DF_POP_PROJ(1.0),Population projections,I,DNK,Denmark,POP,Population,PS,Persons,_T,Total,_T,Total,P,Projection,2025,,5949339,,A,Normal value,0,Units,0,Zero
DATAFLOW,OECD.ELS.SAE:DSD_POPULATION@DF_POP_PROJ(1.0),Population projections,I,DNK,Denmark,POP,Population,PS,Persons,_T,Total,_T,Total,P,Projection,2026,,5966305,,A,Normal value,0,Units,0,Zero
DATAFLOW,OECD.ELS.SAE:DSD_POPULATION@DF_POP_PROJ(1.0),Population projections,I,DNK,Denmark,POP,Population,PS,Persons,_T,Total,_T,Total,P,Projection,2027,,5985345,,A,Normal value,0,Units,0,Zero
DATAFLOW,OECD.ELS.SAE:DSD_POPULATION@DF_POP_PROJ(1.0),Population projections,I,DNK,Denmark,POP,Population,PS,Persons,_T,Total,_T,Total,P,Projection,2028,,6005907,,A,Normal value,0,Units,0,Zero
DATAFLOW,OECD.ELS.SAE:DSD_POPULATION@DF_POP_PROJ(1.0),Population projections,I,DNK,Denmark,POP,Population,PS,Persons,_T,Total,_T,Total,P,Projection,2029,,6027019,,A,Normal value,0,Units,0,Zero
DATAFLOW,OECD.ELS.SAE:DSD_POPULATION@DF_POP_PROJ(1.0),Population projections,I,DNK,Denmark,POP,Population,PS,Persons,_T,Total,_T,Total,P,Projection,2030,,6047822,,A,Normal value,0,Units,0,Zero
DATAFLOW,OECD.ELS.SAE:DSD_POPULATION@DF_POP_PROJ(1.0),Population projections,I,BEL,Belgium,POP,Population,PS,Persons,_T,Total,_T,Total,P,Projection,2022,,11635952,,A,Normal value,0,Units,0,Zero
DATAFLOW,OECD.ELS.SAE:DSD_POPULATION@DF_POP_PROJ(1.0),Population projections,I,BEL,Belgium,POP,Population,PS,Persons,_T,Total,_T,Total,P,Projection,2023,,11713438,,A,Normal value,0,Units,0,Zero
DATAFLOW,OECD.ELS.SAE:DSD_POPULATION@DF_POP_PROJ(1.0),Population projections,I,BEL,Belgium,POP,Population,PS,Persons,_T,Total,_T,Total,P,Projection,2024,,11752914,,A,Normal value,0,Units,0,Zero
DATAFLOW,OECD.ELS.SAE:DSD_POPULATION@DF_POP_PROJ(1.0),Population projections,I,BEL,Belgium,POP,Population,PS,Persons,_T,Total,_T,Total,P,Projection,2025,,11787558,,A,Normal value,0,Units,0,Zero
DATAFLOW,OECD.ELS.SAE:DSD_POPULATION@DF_POP_PROJ(1.0),Population projections,I,BEL,Belgium,POP,Population,PS,Persons,_T,Total,_T,Total,P,Projection,2026,,11827893,,A,Normal value,0,Units,0,Zero
DATAFLOW,OECD.ELS.SAE:DSD_POPULATION@DF_POP_PROJ(1.0),Population projections,I,BEL,Belgium,POP,Population,PS,Persons,_T,Total,_T,Total,P,Projection,2027,,11866576,,A,Normal value,0,Units,0,Zero
DATAFLOW,OECD.ELS.SAE:DSD_POPULATION@DF_POP_PROJ(1.0),Population projections,I,BEL,Belgium,POP,Population,PS,Persons,_T,Total,_T,Total,P,Projection,2028,,11904533,,A,Normal value,0,Units,0,Zero
DATAFLOW,OECD.ELS.SAE:DSD_POPULATION@DF_POP_PROJ(1.0),Population projections,I,BEL,Belgium,POP,Population,PS,Persons,_T,Total,_T,Total,P,Projection,2029,,11942432,,A,Normal value,0,Units,0,Zero
DATAFLOW,OECD.ELS.SAE:DSD_POPULATION@DF_POP_PROJ(1.0),Population projections,I,BEL,Belgium,POP,Population,PS,Persons,_T,Total,_T,Total,P,Projection,2030,,11980641,,A,Normal value,0,Units,0,Zero
DATAFLOW,OECD.ELS.SAE:DSD_POPULATION@DF_POP_PROJ(1.0),Population projections,I,G20,G20,POP,Population,PS,Persons,_T,Total,_T,Total,P,Projection,2022,,4929552313.21967,,A,Normal value,0,Units,0,Zero
DATAFLOW,OECD.ELS.SAE:DSD_POPULATION@DF_POP_PROJ(1.0),Population projections,I,G20,G20,POP,Population,PS,Persons,_T,Total,_T,Total,P,Projection,2023,,4954025071.77617,,A,Normal value,0,Units,0,Zero
DATAFLOW,OECD.ELS.SAE:DSD_POPULATION@DF_POP_PROJ(1.0),Population projections,I,G20,G20,POP,Population,PS,Persons,_T,Total,_T,Total,P,Projection,2024,,4977730767.35434,,A,Normal value,0,Units,0,Zero
DATAFLOW,OECD.ELS.SAE:DSD_POPULATION@DF_POP_PROJ(1.0),Population projections,I,G20,G20,POP,Population,PS,Persons,_T,Total,_T,Total,P,Projection,2025,,5000099265.32496,,A,Normal value,0,Units,0,Zero
DATAFLOW,OECD.ELS.SAE:DSD_POPULATION@DF_POP_PROJ(1.0),Population projections,I,G20,G20,POP,Population,PS,Persons,_T,Total,_T,Total,P,Projection,2026,,5021467056.6938,,A,Normal value,0,Units,0,Zero
DATAFLOW,OECD.ELS.SAE:DSD_POPULATION@DF_POP_PROJ(1.0),Population projections,I,G20,G20,POP,Population,PS,Persons,_T,Total,_T,Total,P,Projection,2027,,5041802586.54311,,A,Normal value,0,Units,0,Zero
DATAFLOW,OECD.ELS.SAE:DSD_POPULATION@DF_POP_PROJ(1.0),Population projections,I,G20,G20,POP,Population,PS,Persons,_T,Total,_T,Total,P,Projection,2028,,5061194758.25605,,A,Normal value,0,Units,0,Zero
DATAFLOW,OECD.ELS.SAE:DSD_POPULATION@DF_POP_PROJ(1.0),Population projections,I,G20,G20,POP,Population,PS,Persons,_T,Total,_T,Total,P,Projection,2029,,5079664008.25383,,A,Normal value,0,Units,0,Zero
DATAFLOW,OECD.ELS.SAE:DSD_POPULATION@DF_POP_PROJ(1.0),Population projections,I,G20,G20,POP,Population,PS,Persons,_T,Total,_T,Total,P,Projection,2030,,5097210054.46182,,A,Normal value,0,Units,0,Zero
DATAFLOW,OECD.ELS.SAE:DSD_POPULATION@DF_POP_PROJ(1.0),Population projections,I,IDN,Indonesia,POP,Population,PS,Persons,_T,Total,_T,Total,P,Projection,2022,,274859100,,A,Normal value,0,Units,0,Zero
DATAFLOW,OECD.ELS.SAE:DSD_POPULATION@DF_POP_PROJ(1.0),Population projections,I,IDN,Indonesia,POP,Population,PS,Persons,_T,Total,_T,Total,P,Projection,2023,,277432400,,A,Normal value,0,Units,0,Zero
DATAFLOW,OECD.ELS.SAE:DSD_POPULATION@DF_POP_PROJ(1.0),Population projections,I,IDN,Indonesia,POP,Population,PS,Persons,_T,Total,_T,Total,P,Projection,2024,,279965200,,A,Normal value,0,Units,0,Zero
DATAFLOW,OECD.ELS.SAE:DSD_POPULATION@DF_POP_PROJ(1.0),Population projections,I,IDN,Indonesia,POP,Population,PS,Persons,_T,Total,_T,Total,P,Projection,2025,,282454500,,A,Normal value,0,Units,0,Zero
DATAFLOW,OECD.ELS.SAE:DSD_POPULATION@DF_POP_PROJ(1.0),Population projections,I,IDN,Indonesia,POP,Population,PS,Persons,_T,Total,_T,Total,P,Projection,2026,,284895900,,A,Normal value,0,Units,0,Zero
DATAFLOW,OECD.ELS.SAE:DSD_POPULATION@DF_POP_PROJ(1.0),Population projections,I,IDN,Indonesia,POP,Population,PS,Persons,_T,Total,_T,Total,P,Projection,2027,,287285300,,A,Normal value,0,Units,0,Zero
DATAFLOW,OECD.ELS.SAE:DSD_POPULATION@DF_POP_PROJ(1.0),Population projections,I,IDN,Indonesia,POP,Population,PS,Persons,_T,Total,_T,Total,P,Projection,2028,,289620200,,A,Normal value,0,Units,0,Zero
DATAFLOW,OECD.ELS.SAE:DSD_POPULATION@DF_POP_PROJ(1.0),Population projections,I,IDN,Indonesia,POP,Population,PS,Persons,_T,Total,_T,Total,P,Projection,2029,,291897900,,A,Normal value,0,Units,0,Zero
DATAFLOW,OECD.ELS.SAE:DSD_POPULATION@DF_POP_PROJ(1.0),Population projections,I,IDN,Indonesia,POP,Population,PS,Persons,_T,Total,_T,Total,P,Projection,2030,,294116100,,A,Normal value,0,Units,0,Zero
DATAFLOW,OECD.ELS.SAE:DSD_POPULATION@DF_POP_PROJ(1.0),Population projections,I,POL,Poland,POP,Population,PS,Persons,_T,Total,_T,Total,P,Projection,2022,,38068592,,A,Normal value,0,Units,0,Zero
DATAFLOW,OECD.ELS.SAE:DSD_POPULATION@DF_POP_PROJ(1.0),Population projections,I,POL,Poland,POP,Population,PS,Persons,_T,Total,_T,Total,P,Projection,2023,,38520164,,A,Normal value,0,Units,0,Zero
DATAFLOW,OECD.ELS.SAE:DSD_POPULATION@DF_POP_PROJ(1.0),Population projections,I,POL,Poland,POP,Population,PS,Persons,_T,Total,_T,Total,P,Projection,2024,,38469361,,A,Normal value,0,Units,0,Zero
DATAFLOW,OECD.ELS.SAE:DSD_POPULATION@DF_POP_PROJ(1.0),Population projections,I,POL,Poland,POP,Population,PS,Persons,_T,Total,_T,Total,P,Projection,2025,,38289507,,A,Normal value,0,Units,0,Zero
DATAFLOW,OECD.ELS.SAE:DSD_POPULATION@DF_POP_PROJ(1.0),Population projections,I,POL,Poland,POP,Population,PS,Persons,_T,Total,_T,Total,P,Projection,2026,,38102599,,A,Normal value,0,Units,0,Zero
DATAFLOW,OECD.ELS.SAE:DSD_POPULATION@DF_POP_PROJ(1.0),Population projections,I,POL,Poland,POP,Population,PS,Persons,_T,Total,_T,Total,P,Projection,2027,,37908284,,A,Normal value,0,Units,0,Zero
DATAFLOW,OECD.ELS.SAE:DSD_POPULATION@DF_POP_PROJ(1.0),Population projections,I,POL,Poland,POP,Population,PS,Persons,_T,Total,_T,Total,P,Projection,2028,,37711742,,A,Normal value,0,Units,0,Zero
DATAFLOW,OECD.ELS.SAE:DSD_POPULATION@DF_POP_PROJ(1.0),Population projections,I,POL,Poland,POP,Population,PS,Persons,_T,Total,_T,Total,P,Projection,2029,,37517465,,A,Normal value,0,Units,0,Zero
DATAFLOW,OECD.ELS.SAE:DSD_POPULATION@DF_POP_PROJ(1.0),Population projections,I,POL,Poland,POP,Population,PS,Persons,_T,Total,_T,Total,P,Projection,2030,,37324480,,A,Normal value,0,Units,0,Zero
DATAFLOW,OECD.ELS.SAE:DSD_POPULATION@DF_POP_PROJ(1.0),Population projections,I,RUS,Russia,POP,Population,PS,Persons,_T,Total,_T,Total,P,Projection,2022,,143670800,,A,Normal value,0,Units,0,Zero
DATAFLOW,OECD.ELS.SAE:DSD_POPULATION@DF_POP_PROJ(1.0),Population projections,I,RUS,Russia,POP,Population,PS,Persons,_T,Total,_T,Total,P,Projection,2023,,143526098,,A,Normal value,0,Units,0,Zero
DATAFLOW,OECD.ELS.SAE:DSD_POPULATION@DF_POP_PROJ(1.0),Population projections,I,RUS,Russia,POP,Population,PS,Persons,_T,Total,_T,Total,P,Projection,2024,,143348209,,A,Normal value,0,Units,0,Zero
DATAFLOW,OECD.ELS.SAE:DSD_POPULATION@DF_POP_PROJ(1.0),Population projections,I,RUS,Russia,POP,Population,PS,Persons,_T,Total,_T,Total,P,Projection,2025,,143140021,,A,Normal value,0,Units,0,Zero
DATAFLOW,OECD.ELS.SAE:DSD_POPULATION@DF_POP_PROJ(1.0),Population projections,I,RUS,Russia,POP,Population,PS,Persons,_T,Total,_T,Total,P,Projection,2026,,142902756,,A,Normal value,0,Units,0,Zero
DATAFLOW,OECD.ELS.SAE:DSD_POPULATION@DF_POP_PROJ(1.0),Population projections,I,RUS,Russia,POP,Population,PS,Persons,_T,Total,_T,Total,P,Projection,2027,,142639405,,A,Normal value,0,Units,0,Zero
DATAFLOW,OECD.ELS.SAE:DSD_POPULATION@DF_POP_PROJ(1.0),Population projections,I,RUS,Russia,POP,Population,PS,Persons,_T,Total,_T,Total,P,Projection,2028,,142357390,,A,Normal value,0,Units,0,Zero
DATAFLOW,OECD.ELS.SAE:DSD_POPULATION@DF_POP_PROJ(1.0),Population projections,I,RUS,Russia,POP,Population,PS,Persons,_T,Total,_T,Total,P,Projection,2029,,142064918,,A,Normal value,0,Units,0,Zero
DATAFLOW,OECD.ELS.SAE:DSD_POPULATION@DF_POP_PROJ(1.0),Population projections,I,RUS,Russia,POP,Population,PS,Persons,_T,Total,_T,Total,P,Projection,2030,,141764296,,A,Normal value,0,Units,0,Zero
DATAFLOW,OECD.ELS.SAE:DSD_POPULATION@DF_POP_PROJ(1.0),Population projections,I,DEU,Germany,POP,Population,PS,Persons,_T,Total,_T,Total,P,Projection,2022,,83894527,,A,Normal value,0,Units,0,Zero
DATAFLOW,OECD.ELS.SAE:DSD_POPULATION@DF_POP_PROJ(1.0),Population projections,I,DEU,Germany,POP,Population,PS,Persons,_T,Total,_T,Total,P,Projection,2023,,84796939,,A,Normal value,0,Units,0,Zero
DATAFLOW,OECD.ELS.SAE:DSD_POPULATION@DF_POP_PROJ(1.0),Population projections,I,DEU,Germany,POP,Population,PS,Persons,_T,Total,_T,Total,P,Projection,2024,,85124735,,A,Normal value,0,Units,0,Zero
DATAFLOW,OECD.ELS.SAE:DSD_POPULATION@DF_POP_PROJ(1.0),Population projections,I,DEU,Germany,POP,Population,PS,Persons,_T,Total,_T,Total,P,Projection,2025,,85258633,,A,Normal value,0,Units,0,Zero
DATAFLOW,OECD.ELS.SAE:DSD_POPULATION@DF_POP_PROJ(1.0),Population projections,I,DEU,Germany,POP,Population,PS,Persons,_T,Total,_T,Total,P,Projection,2026,,85330389,,A,Normal value,0,Units,0,Zero
DATAFLOW,OECD.ELS.SAE:DSD_POPULATION@DF_POP_PROJ(1.0),Population projections,I,DEU,Germany,POP,Population,PS,Persons,_T,Total,_T,Total,P,Projection,2027,,85337979,,A,Normal value,0,Units,0,Zero
DATAFLOW,OECD.ELS.SAE:DSD_POPULATION@DF_POP_PROJ(1.0),Population projections,I,DEU,Germany,POP,Population,PS,Persons,_T,Total,_T,Total,P,Projection,2028,,85314590,,A,Normal value,0,Units,0,Zero
DATAFLOW,OECD.ELS.SAE:DSD_POPULATION@DF_POP_PROJ(1.0),Population projections,I,DEU,Germany,POP,Population,PS,Persons,_T,Total,_T,Total,P,Projection,2029,,85294261,,A,Normal value,0,Units,0,Zero
DATAFLOW,OECD.ELS.SAE:DSD_POPULATION@DF_POP_PROJ(1.0),Population projections,I,DEU,Germany,POP,Population,PS,Persons,_T,Total,_T,Total,P,Projection,2030,,85273820,,A,Normal value,0,Units,0,Zero
DATAFLOW,OECD.ELS.SAE:DSD_POPULATION@DF_POP_PROJ(1.0),Population projections,I,USA,United States,POP,Population,PS,Persons,_T,Total,_T,Total,P,Projection,2022,,337341954,,A,Normal value,0,Units,0,Zero
DATAFLOW,OECD.ELS.SAE:DSD_POPULATION@DF_POP_PROJ(1.0),Population projections,I,USA,United States,POP,Population,PS,Persons,_T,Total,_T,Total,P,Projection,2023,,339665118,,A,Normal value,0,Units,0,Zero
DATAFLOW,OECD.ELS.SAE:DSD_POPULATION@DF_POP_PROJ(1.0),Population projections,I,USA,United States,POP,Population,PS,Persons,_T,Total,_T,Total,P,Projection,2024,,341963408,,A,Normal value,0,Units,0,Zero
DATAFLOW,OECD.ELS.SAE:DSD_POPULATION@DF_POP_PROJ(1.0),Population projections,I,USA,United States,POP,Population,PS,Persons,_T,Total,_T,Total,P,Projection,2025,,344234377,,A,Normal value,0,Units,0,Zero
DATAFLOW,OECD.ELS.SAE:DSD_POPULATION@DF_POP_PROJ(1.0),Population projections,I,USA,United States,POP,Population,PS,Persons,_T,Total,_T,Total,P,Projection,2026,,346481182,,A,Normal value,0,Units,0,Zero
DATAFLOW,OECD.ELS.SAE:DSD_POPULATION@DF_POP_PROJ(1.0),Population projections,I,USA,United States,POP,Population,PS,Persons,_T,Total,_T,Total,P,Projection,2027,,348695115,,A,Normal value,0,Units,0,Zero
DATAFLOW,OECD.ELS.SAE:DSD_POPULATION@DF_POP_PROJ(1.0),Population projections,I,USA,United States,POP,Population,PS,Persons,_T,Total,_T,Total,P,Projection,2028,,350872007,,A,Normal value,0,Units,0,Zero
DATAFLOW,OECD.ELS.SAE:DSD_POPULATION@DF_POP_PROJ(1.0),Population projections,I,USA,United States,POP,Population,PS,Persons,_T,Total,_T,Total,P,Projection,2029,,353008224,,A,Normal value,0,Units,0,Zero
DATAFLOW,OECD.ELS.SAE:DSD_POPULATION@DF_POP_PROJ(1.0),Population projections,I,USA,United States,POP,Population,PS,Persons,_T,Total,_T,Total,P,Projection,2030,,355100730,,A,Normal value,0,Units,0,Zero
DATAFLOW,OECD.ELS.SAE:DSD_POPULATION@DF_POP_PROJ(1.0),Population projections,I,TUR,Türkiye,POP,Population,PS,Persons,_T,Total,_T,Total,P,Projection,2022,,85409857,,A,Normal value,0,Units,0,Zero
DATAFLOW,OECD.ELS.SAE:DSD_POPULATION@DF_POP_PROJ(1.0),Population projections,I,TUR,Türkiye,POP,Population,PS,Persons,_T,Total,_T,Total,P,Projection,2023,,86409209,,A,Normal value,0,Units,0,Zero
DATAFLOW,OECD.ELS.SAE:DSD_POPULATION@DF_POP_PROJ(1.0),Population projections,I,TUR,Türkiye,POP,Population,PS,Persons,_T,Total,_T,Total,P,Projection,2024,,87396482,,A,Normal value,0,Units,0,Zero
DATAFLOW,OECD.ELS.SAE:DSD_POPULATION@DF_POP_PROJ(1.0),Population projections,I,TUR,Türkiye,POP,Population,PS,Persons,_T,Total,_T,Total,P,Projection,2025,,88365263,,A,Normal value,0,Units,0,Zero
DATAFLOW,OECD.ELS.SAE:DSD_POPULATION@DF_POP_PROJ(1.0),Population projections,I,TUR,Türkiye,POP,Population,PS,Persons,_T,Total,_T,Total,P,Projection,2026,,89314769,,A,Normal value,0,Units,0,Zero
DATAFLOW,OECD.ELS.SAE:DSD_POPULATION@DF_POP_PROJ(1.0),Population projections,I,TUR,Türkiye,POP,Population,PS,Persons,_T,Total,_T,Total,P,Projection,2027,,90244101,,A,Normal value,0,Units,0,Zero
DATAFLOW,OECD.ELS.SAE:DSD_POPULATION@DF_POP_PROJ(1.0),Population projections,I,TUR,Türkiye,POP,Population,PS,Persons,_T,Total,_T,Total,P,Projection,2028,,91152370,,A,Normal value,0,Units,0,Zero
DATAFLOW,OECD.ELS.SAE:DSD_POPULATION@DF_POP_PROJ(1.0),Population projections,I,TUR,Türkiye,POP,Population,PS,Persons,_T,Total,_T,Total,P,Projection,2029,,92038731,,A,Normal value,0,Units,0,Zero
DATAFLOW,OECD.ELS.SAE:DSD_POPULATION@DF_POP_PROJ(1.0),Population projections,I,TUR,Türkiye,POP,Population,PS,Persons,_T,Total,_T,Total,P,Projection,2030,,92902460,,A,Normal value,0,Units,0,Zero
DATAFLOW,OECD.ELS.SAE:DSD_POPULATION@DF_POP_PROJ(1.0),Population projections,I,CHE,Switzerland,POP,Population,PS,Persons,_T,Total,_T,Total,P,Projection,2022,,8785278,,A,Normal value,0,Units,0,Zero
DATAFLOW,OECD.ELS.SAE:DSD_POPULATION@DF_POP_PROJ(1.0),Population projections,I,CHE,Switzerland,POP,Population,PS,Persons,_T,Total,_T,Total,P,Projection,2023,,8858416,,A,Normal value,0,Units,0,Zero
DATAFLOW,OECD.ELS.SAE:DSD_POPULATION@DF_POP_PROJ(1.0),Population projections,I,CHE,Switzerland,POP,Population,PS,Persons,_T,Total,_T,Total,P,Projection,2024,,8904301,,A,Normal value,0,Units,0,Zero
DATAFLOW,OECD.ELS.SAE:DSD_POPULATION@DF_POP_PROJ(1.0),Population projections,I,CHE,Switzerland,POP,Population,PS,Persons,_T,Total,_T,Total,P,Projection,2025,,8943824,,A,Normal value,0,Units,0,Zero
DATAFLOW,OECD.ELS.SAE:DSD_POPULATION@DF_POP_PROJ(1.0),Population projections,I,CHE,Switzerland,POP,Population,PS,Persons,_T,Total,_T,Total,P,Projection,2026,,8985446,,A,Normal value,0,Units,0,Zero
DATAFLOW,OECD.ELS.SAE:DSD_POPULATION@DF_POP_PROJ(1.0),Population projections,I,CHE,Switzerland,POP,Population,PS,Persons,_T,Total,_T,Total,P,Projection,2027,,9029138,,A,Normal value,0,Units,0,Zero
DATAFLOW,OECD.ELS.SAE:DSD_POPULATION@DF_POP_PROJ(1.0),Population projections,I,CHE,Switzerland,POP,Population,PS,Persons,_T,Total,_T,Total,P,Projection,2028,,9073262,,A,Normal value,0,Units,0,Zero
DATAFLOW,OECD.ELS.SAE:DSD_POPULATION@DF_POP_PROJ(1.0),Population projections,I,CHE,Switzerland,POP,Population,PS,Persons,_T,Total,_T,Total,P,Projection,2029,,9116057,,A,Normal value,0,Units,0,Zero
DATAFLOW,OECD.ELS.SAE:DSD_POPULATION@DF_POP_PROJ(1.0),Population projections,I,CHE,Switzerland,POP,Population,PS,Persons,_T,Total,_T,Total,P,Projection,2030,,9157174,,A,Normal value,0,Units,0,Zero
DATAFLOW,OECD.ELS.SAE:DSD_POPULATION@DF_POP_PROJ(1.0),Population projections,I,HRV,Croatia,POP,Population,PS,Persons,_T,Total,_T,Total,P,Projection,2022,,3858342,,A,Normal value,0,Units,0,Zero
DATAFLOW,OECD.ELS.SAE:DSD_POPULATION@DF_POP_PROJ(1.0),Population projections,I,HRV,Croatia,POP,Population,PS,Persons,_T,Total,_T,Total,P,Projection,2023,,3844197,,A,Normal value,0,Units,0,Zero
DATAFLOW,OECD.ELS.SAE:DSD_POPULATION@DF_POP_PROJ(1.0),Population projections,I,HRV,Croatia,POP,Population,PS,Persons,_T,Total,_T,Total,P,Projection,2024,,3822317,,A,Normal value,0,Units,0,Zero
DATAFLOW,OECD.ELS.SAE:DSD_POPULATION@DF_POP_PROJ(1.0),Population projections,I,HRV,Croatia,POP,Population,PS,Persons,_T,Total,_T,Total,P,Projection,2025,,3799369,,A,Normal value,0,Units,0,Zero
DATAFLOW,OECD.ELS.SAE:DSD_POPULATION@DF_POP_PROJ(1.0),Population projections,I,HRV,Croatia,POP,Population,PS,Persons,_T,Total,_T,Total,P,Projection,2026,,3777326,,A,Normal value,0,Units,0,Zero
DATAFLOW,OECD.ELS.SAE:DSD_POPULATION@DF_POP_PROJ(1.0),Population projections,I,HRV,Croatia,POP,Population,PS,Persons,_T,Total,_T,Total,P,Projection,2027,,3750544,,A,Normal value,0,Units,0,Zero
DATAFLOW,OECD.ELS.SAE:DSD_POPULATION@DF_POP_PROJ(1.0),Population projections,I,HRV,Croatia,POP,Population,PS,Persons,_T,Total,_T,Total,P,Projection,2028,,3724164,,A,Normal value,0,Units,0,Zero
DATAFLOW,OECD.ELS.SAE:DSD_POPULATION@DF_POP_PROJ(1.0),Population projections,I,HRV,Croatia,POP,Population,PS,Persons,_T,Total,_T,Total,P,Projection,2029,,3703495,,A,Normal value,0,Units,0,Zero
DATAFLOW,OECD.ELS.SAE:DSD_POPULATION@DF_POP_PROJ(1.0),Population projections,I,HRV,Croatia,POP,Population,PS,Persons,_T,Total,_T,Total,P,Projection,2030,,3683161,,A,Normal value,0,Units,0,Zero
DATAFLOW,OECD.ELS.SAE:DSD_POPULATION@DF_POP_PROJ(1.0),Population projections,I,PRT,Portugal,POP,Population,PS,Persons,_T,Total,_T,Total,P,Projection,2022,,10372471,,A,Normal value,0,Units,0,Zero
DATAFLOW,OECD.ELS.SAE:DSD_POPULATION@DF_POP_PROJ(1.0),Population projections,I,PRT,Portugal,POP,Population,PS,Persons,_T,Total,_T,Total,P,Projection,2023,,10391864,,A,Normal value,0,Units,0,Zero
DATAFLOW,OECD.ELS.SAE:DSD_POPULATION@DF_POP_PROJ(1.0),Population projections,I,PRT,Portugal,POP,Population,PS,Persons,_T,Total,_T,Total,P,Projection,2024,,10381495,,A,Normal value,0,Units,0,Zero
DATAFLOW,OECD.ELS.SAE:DSD_POPULATION@DF_POP_PROJ(1.0),Population projections,I,PRT,Portugal,POP,Population,PS,Persons,_T,Total,_T,Total,P,Projection,2025,,10361324,,A,Normal value,0,Units,0,Zero
DATAFLOW,OECD.ELS.SAE:DSD_POPULATION@DF_POP_PROJ(1.0),Population projections,I,PRT,Portugal,POP,Population,PS,Persons,_T,Total,_T,Total,P,Projection,2026,,10338429,,A,Normal value,0,Units,0,Zero
DATAFLOW,OECD.ELS.SAE:DSD_POPULATION@DF_POP_PROJ(1.0),Population projections,I,PRT,Portugal,POP,Population,PS,Persons,_T,Total,_T,Total,P,Projection,2027,,10313250,,A,Normal value,0,Units,0,Zero
DATAFLOW,OECD.ELS.SAE:DSD_POPULATION@DF_POP_PROJ(1.0),Population projections,I,PRT,Portugal,POP,Population,PS,Persons,_T,Total,_T,Total,P,Projection,2028,,10287284,,A,Normal value,0,Units,0,Zero
DATAFLOW,OECD.ELS.SAE:DSD_POPULATION@DF_POP_PROJ(1.0),Population projections,I,PRT,Portugal,POP,Population,PS,Persons,_T,Total,_T,Total,P,Projection,2029,,10261777,,A,Normal value,0,Units,0,Zero
DATAFLOW,OECD.ELS.SAE:DSD_POPULATION@DF_POP_PROJ(1.0),Population projections,I,PRT,Portugal,POP,Population,PS,Persons,_T,Total,_T,Total,P,Projection,2030,,10236260,,A,Normal value,0,Units,0,Zero
DATAFLOW,OECD.ELS.SAE:DSD_POPULATION@DF_POP_PROJ(1.0),Population projections,I,CHL,Chile,POP,Population,PS,Persons,_T,Total,_T,Total,P,Projection,2022,,19828563,,A,Normal value,0,Units,0,Zero
DATAFLOW,OECD.ELS.SAE:DSD_POPULATION@DF_POP_PROJ(1.0),Population projections,I,CHL,Chile,POP,Population,PS,Persons,_T,Total,_T,Total,P,Projection,2023,,19960889,,A,Normal value,0,Units,0,Zero
DATAFLOW,OECD.ELS.SAE:DSD_POPULATION@DF_POP_PROJ(1.0),Population projections,I,CHL,Chile,POP,Population,PS,Persons,_T,Total,_T,Total,P,Projection,2024,,20086377,,A,Normal value,0,Units,0,Zero
DATAFLOW,OECD.ELS.SAE:DSD_POPULATION@DF_POP_PROJ(1.0),Population projections,I,CHL,Chile,POP,Population,PS,Persons,_T,Total,_T,Total,P,Projection,2025,,20206953,,A,Normal value,0,Units,0,Zero
DATAFLOW,OECD.ELS.SAE:DSD_POPULATION@DF_POP_PROJ(1.0),Population projections,I,CHL,Chile,POP,Population,PS,Persons,_T,Total,_T,Total,P,Projection,2026,,20322807,,A,Normal value,0,Units,0,Zero
DATAFLOW,OECD.ELS.SAE:DSD_POPULATION@DF_POP_PROJ(1.0),Population projections,I,CHL,Chile,POP,Population,PS,Persons,_T,Total,_T,Total,P,Projection,2027,,20433791,,A,Normal value,0,Units,0,Zero
DATAFLOW,OECD.ELS.SAE:DSD_POPULATION@DF_POP_PROJ(1.0),Population projections,I,CHL,Chile,POP,Population,PS,Persons,_T,Total,_T,Total,P,Projection,2028,,20539666,,A,Normal value,0,Units,0,Zero
DATAFLOW,OECD.ELS.SAE:DSD_POPULATION@DF_POP_PROJ(1.0),Population projections,I,CHL,Chile,POP,Population,PS,Persons,_T,Total,_T,Total,P,Projection,2029,,20640230,,A,Normal value,0,Units,0,Zero
DATAFLOW,OECD.ELS.SAE:DSD_POPULATION@DF_POP_PROJ(1.0),Population projections,I,CHL,Chile,POP,Population,PS,Persons,_T,Total,_T,Total,P,Projection,2030,,20735289,,A,Normal value,0,Units,0,Zero
DATAFLOW,OECD.ELS.SAE:DSD_POPULATION@DF_POP_PROJ(1.0),Population projections,I,GRC,Greece,POP,Population,PS,Persons,_T,Total,_T,Total,P,Projection,2022,,10438164,,A,Normal value,0,Units,0,Zero
DATAFLOW,OECD.ELS.SAE:DSD_POPULATION@DF_POP_PROJ(1.0),Population projections,I,GRC,Greece,POP,Population,PS,Persons,_T,Total,_T,Total,P,Projection,2023,,10394050,,A,Normal value,0,Units,0,Zero
DATAFLOW,OECD.ELS.SAE:DSD_POPULATION@DF_POP_PROJ(1.0),Population projections,I,GRC,Greece,POP,Population,PS,Persons,_T,Total,_T,Total,P,Projection,2024,,10345968,,A,Normal value,0,Units,0,Zero
DATAFLOW,OECD.ELS.SAE:DSD_POPULATION@DF_POP_PROJ(1.0),Population projections,I,GRC,Greece,POP,Population,PS,Persons,_T,Total,_T,Total,P,Projection,2025,,10293314,,A,Normal value,0,Units,0,Zero
DATAFLOW,OECD.ELS.SAE:DSD_POPULATION@DF_POP_PROJ(1.0),Population projections,I,GRC,Greece,POP,Population,PS,Persons,_T,Total,_T,Total,P,Projection,2026,,10237663,,A,Normal value,0,Units,0,Zero
DATAFLOW,OECD.ELS.SAE:DSD_POPULATION@DF_POP_PROJ(1.0),Population projections,I,GRC,Greece,POP,Population,PS,Persons,_T,Total,_T,Total,P,Projection,2027,,10179171,,A,Normal value,0,Units,0,Zero
DATAFLOW,OECD.ELS.SAE:DSD_POPULATION@DF_POP_PROJ(1.0),Population projections,I,GRC,Greece,POP,Population,PS,Persons,_T,Total,_T,Total,P,Projection,2028,,10119864,,A,Normal value,0,Units,0,Zero
DATAFLOW,OECD.ELS.SAE:DSD_POPULATION@DF_POP_PROJ(1.0),Population projections,I,GRC,Greece,POP,Population,PS,Persons,_T,Total,_T,Total,P,Projection,2029,,10061503,,A,Normal value,0,Units,0,Zero
DATAFLOW,OECD.ELS.SAE:DSD_POPULATION@DF_POP_PROJ(1.0),Population projections,I,GRC,Greece,POP,Population,PS,Persons,_T,Total,_T,Total,P,Projection,2030,,10004039,,A,Normal value,0,Units,0,Zero
DATAFLOW,OECD.ELS.SAE:DSD_POPULATION@DF_POP_PROJ(1.0),Population projections,I,OECD,OECD,POP,Population,PS,Persons,_T,Total,_T,Total,P,Projection,2022,,1385472325.89048,,A,Normal value,0,Units,0,Zero
DATAFLOW,OECD.ELS.SAE:DSD_POPULATION@DF_POP_PROJ(1.0),Population projections,I,OECD,OECD,POP,Population,PS,Persons,_T,Total,_T,Total,P,Projection,2023,,1394407421.5349,,A,Normal value,0,Units,0,Zero
DATAFLOW,OECD.ELS.SAE:DSD_POPULATION@DF_POP_PROJ(1.0),Population projections,I,OECD,OECD,POP,Population,PS,Persons,_T,Total,_T,Total,P,Projection,2024,,1401301438.27542,,A,Normal value,0,Units,0,Zero
DATAFLOW,OECD.ELS.SAE:DSD_POPULATION@DF_POP_PROJ(1.0),Population projections,I,OECD,OECD,POP,Population,PS,Persons,_T,Total,_T,Total,P,Projection,2025,,1407405857.16039,,A,Normal value,0,Units,0,Zero
DATAFLOW,OECD.ELS.SAE:DSD_POPULATION@DF_POP_PROJ(1.0),Population projections,I,OECD,OECD,POP,Population,PS,Persons,_T,Total,_T,Total,P,Projection,2026,,1413221189.66306,,A,Normal value,0,Units,0,Zero
DATAFLOW,OECD.ELS.SAE:DSD_POPULATION@DF_POP_PROJ(1.0),Population projections,I,OECD,OECD,POP,Population,PS,Persons,_T,Total,_T,Total,P,Projection,2027,,1418747146.71481,,A,Normal value,0,Units,0,Zero
DATAFLOW,OECD.ELS.SAE:DSD_POPULATION@DF_POP_PROJ(1.0),Population projections,I,OECD,OECD,POP,Population,PS,Persons,_T,Total,_T,Total,P,Projection,2028,,1424055147.01064,,A,Normal value,0,Units,0,Zero
DATAFLOW,OECD.ELS.SAE:DSD_POPULATION@DF_POP_PROJ(1.0),Population projections,I,OECD,OECD,POP,Population,PS,Persons,_T,Total,_T,Total,P,Projection,2029,,1429192890.19591,,A,Normal value,0,Units,0,Zero
DATAFLOW,OECD.ELS.SAE:DSD_POPULATION@DF_POP_PROJ(1.0),Population projections,I,OECD,OECD,POP,Population,PS,Persons,_T,Total,_T,Total,P,Projection,2030,,1434146296.01055,,A,Normal value,0,Units,0,Zero
DATAFLOW,OECD.ELS.SAE:DSD_POPULATION@DF_POP_PROJ(1.0),Population projections,I,COL,Colombia,POP,Population,PS,Persons,_T,Total,_T,Total,P,Projection,2022,,51682692,,A,Normal value,0,Units,0,Zero
DATAFLOW,OECD.ELS.SAE:DSD_POPULATION@DF_POP_PROJ(1.0),Population projections,I,COL,Colombia,POP,Population,PS,Persons,_T,Total,_T,Total,P,Projection,2023,,52215503,,A,Normal value,0,Units,0,Zero
DATAFLOW,OECD.ELS.SAE:DSD_POPULATION@DF_POP_PROJ(1.0),Population projections,I,COL,Colombia,POP,Population,PS,Persons,_T,Total,_T,Total,P,Projection,2024,,52695952,,A,Normal value,0,Units,0,Zero
DATAFLOW,OECD.ELS.SAE:DSD_POPULATION@DF_POP_PROJ(1.0),Population projections,I,COL,Colombia,POP,Population,PS,Persons,_T,Total,_T,Total,P,Projection,2025,,53110609,,A,Normal value,0,Units,0,Zero
DATAFLOW,OECD.ELS.SAE:DSD_POPULATION@DF_POP_PROJ(1.0),Population projections,I,COL,Colombia,POP,Population,PS,Persons,_T,Total,_T,Total,P,Projection,2026,,53474637,,A,Normal value,0,Units,0,Zero
DATAFLOW,OECD.ELS.SAE:DSD_POPULATION@DF_POP_PROJ(1.0),Population projections,I,COL,Colombia,POP,Population,PS,Persons,_T,Total,_T,Total,P,Projection,2027,,53808013,,A,Normal value,0,Units,0,Zero
DATAFLOW,OECD.ELS.SAE:DSD_POPULATION@DF_POP_PROJ(1.0),Population projections,I,COL,Colombia,POP,Population,PS,Persons,_T,Total,_T,Total,P,Projection,2028,,54119568,,A,Normal value,0,Units,0,Zero
DATAFLOW,OECD.ELS.SAE:DSD_POPULATION@DF_POP_PROJ(1.0),Population projections,I,COL,Colombia,POP,Population,PS,Persons,_T,Total,_T,Total,P,Projection,2029,,54416612,,A,Normal value,0,Units,0,Zero
DATAFLOW,OECD.ELS.SAE:DSD_POPULATION@DF_POP_PROJ(1.0),Population projections,I,COL,Colombia,POP,Population,PS,Persons,_T,Total,_T,Total,P,Projection,2030,,54705567,,A,Normal value,0,Units,0,Zero
DATAFLOW,OECD.ELS.SAE:DSD_POPULATION@DF_POP_PROJ(1.0),Population projections,I,AUT,Austria,POP,Population,PS,Persons,_T,Total,_T,Total,P,Projection,2022,,9039449,,A,Normal value,0,Units,0,Zero
DATAFLOW,OECD.ELS.SAE:DSD_POPULATION@DF_POP_PROJ(1.0),Population projections,I,AUT,Austria,POP,Population,PS,Persons,_T,Total,_T,Total,P,Projection,2023,,9108322,,A,Normal value,0,Units,0,Zero
DATAFLOW,OECD.ELS.SAE:DSD_POPULATION@DF_POP_PROJ(1.0),Population projections,I,AUT,Austria,POP,Population,PS,Persons,_T,Total,_T,Total,P,Projection,2024,,9164592,,A,Normal value,0,Units,0,Zero
DATAFLOW,OECD.ELS.SAE:DSD_POPULATION@DF_POP_PROJ(1.0),Population projections,I,AUT,Austria,POP,Population,PS,Persons,_T,Total,_T,Total,P,Projection,2025,,9192729,,A,Normal value,0,Units,0,Zero
DATAFLOW,OECD.ELS.SAE:DSD_POPULATION@DF_POP_PROJ(1.0),Population projections,I,AUT,Austria,POP,Population,PS,Persons,_T,Total,_T,Total,P,Projection,2026,,9214056,,A,Normal value,0,Units,0,Zero
DATAFLOW,OECD.ELS.SAE:DSD_POPULATION@DF_POP_PROJ(1.0),Population projections,I,AUT,Austria,POP,Population,PS,Persons,_T,Total,_T,Total,P,Projection,2027,,9248382,,A,Normal value,0,Units,0,Zero
DATAFLOW,OECD.ELS.SAE:DSD_POPULATION@DF_POP_PROJ(1.0),Population projections,I,AUT,Austria,POP,Population,PS,Persons,_T,Total,_T,Total,P,Projection,2028,,9288463,,A,Normal value,0,Units,0,Zero
DATAFLOW,OECD.ELS.SAE:DSD_POPULATION@DF_POP_PROJ(1.0),Population projections,I,AUT,Austria,POP,Population,PS,Persons,_T,Total,_T,Total,P,Projection,2029,,9326789,,A,Normal value,0,Units,0,Zero
DATAFLOW,OECD.ELS.SAE:DSD_POPULATION@DF_POP_PROJ(1.0),Population projections,I,AUT,Austria,POP,Population,PS,Persons,_T,Total,_T,Total,P,Projection,2030,,9362956,,A,Normal value,0,Units,0,Zero
DATAFLOW,OECD.ELS.SAE:DSD_POPULATION@DF_POP_PROJ(1.0),Population projections,I,MEX,Mexico,POP,Population,PS,Persons,_T,Total,_T,Total,P,Projection,2022,,130118356,,A,Normal value,0,Units,0,Zero
DATAFLOW,OECD.ELS.SAE:DSD_POPULATION@DF_POP_PROJ(1.0),Population projections,I,MEX,Mexico,POP,Population,PS,Persons,_T,Total,_T,Total,P,Projection,2023,,131230255,,A,Normal value,0,Units,0,Zero
DATAFLOW,OECD.ELS.SAE:DSD_POPULATION@DF_POP_PROJ(1.0),Population projections,I,MEX,Mexico,POP,Population,PS,Persons,_T,Total,_T,Total,P,Projection,2024,,132308276,,A,Normal value,0,Units,0,Zero
DATAFLOW,OECD.ELS.SAE:DSD_POPULATION@DF_POP_PROJ(1.0),Population projections,I,MEX,Mexico,POP,Population,PS,Persons,_T,Total,_T,Total,P,Projection,2025,,133352387,,A,Normal value,0,Units,0,Zero
DATAFLOW,OECD.ELS.SAE:DSD_POPULATION@DF_POP_PROJ(1.0),Population projections,I,MEX,Mexico,POP,Population,PS,Persons,_T,Total,_T,Total,P,Projection,2026,,134362934,,A,Normal value,0,Units,0,Zero
DATAFLOW,OECD.ELS.SAE:DSD_POPULATION@DF_POP_PROJ(1.0),Population projections,I,MEX,Mexico,POP,Population,PS,Persons,_T,Total,_T,Total,P,Projection,2027,,135339973,,A,Normal value,0,Units,0,Zero
DATAFLOW,OECD.ELS.SAE:DSD_POPULATION@DF_POP_PROJ(1.0),Population projections,I,MEX,Mexico,POP,Population,PS,Persons,_T,Total,_T,Total,P,Projection,2028,,136283592,,A,Normal value,0,Units,0,Zero
DATAFLOW,OECD.ELS.SAE:DSD_POPULATION@DF_POP_PROJ(1.0),Population projections,I,MEX,Mexico,POP,Population,PS,Persons,_T,Total,_T,Total,P,Projection,2029,,137193751,,A,Normal value,0,Units,0,Zero
DATAFLOW,OECD.ELS.SAE:DSD_POPULATION@DF_POP_PROJ(1.0),Population projections,I,MEX,Mexico,POP,Population,PS,Persons,_T,Total,_T,Total,P,Projection,2030,,138070271,,A,Normal value,0,Units,0,Zero
DATAFLOW,OECD.ELS.SAE:DSD_POPULATION@DF_POP_PROJ(1.0),Population projections,I,SWE,Sweden,POP,Population,PS,Persons,_T,Total,_T,Total,P,Projection,2022,,10486942,,A,Normal value,0,Units,0,Zero
DATAFLOW,OECD.ELS.SAE:DSD_POPULATION@DF_POP_PROJ(1.0),Population projections,I,SWE,Sweden,POP,Population,PS,Persons,_T,Total,_T,Total,P,Projection,2023,,10551594,,A,Normal value,0,Units,0,Zero
DATAFLOW,OECD.ELS.SAE:DSD_POPULATION@DF_POP_PROJ(1.0),Population projections,I,SWE,Sweden,POP,Population,PS,Persons,_T,Total,_T,Total,P,Projection,2024,,10610310,,A,Normal value,0,Units,0,Zero
DATAFLOW,OECD.ELS.SAE:DSD_POPULATION@DF_POP_PROJ(1.0),Population projections,I,SWE,Sweden,POP,Population,PS,Persons,_T,Total,_T,Total,P,Projection,2025,,10666288,,A,Normal value,0,Units,0,Zero
DATAFLOW,OECD.ELS.SAE:DSD_POPULATION@DF_POP_PROJ(1.0),Population projections,I,SWE,Sweden,POP,Population,PS,Persons,_T,Total,_T,Total,P,Projection,2026,,10719578,,A,Normal value,0,Units,0,Zero
DATAFLOW,OECD.ELS.SAE:DSD_POPULATION@DF_POP_PROJ(1.0),Population projections,I,SWE,Sweden,POP,Population,PS,Persons,_T,Total,_T,Total,P,Projection,2027,,10768910,,A,Normal value,0,Units,0,Zero
DATAFLOW,OECD.ELS.SAE:DSD_POPULATION@DF_POP_PROJ(1.0),Population projections,I,SWE,Sweden,POP,Population,PS,Persons,_T,Total,_T,Total,P,Projection,2028,,10815831,,A,Normal value,0,Units,0,Zero
DATAFLOW,OECD.ELS.SAE:DSD_POPULATION@DF_POP_PROJ(1.0),Population projections,I,SWE,Sweden,POP,Population,PS,Persons,_T,Total,_T,Total,P,Projection,2029,,10863004,,A,Normal value,0,Units,0,Zero
DATAFLOW,OECD.ELS.SAE:DSD_POPULATION@DF_POP_PROJ(1.0),Population projections,I,SWE,Sweden,POP,Population,PS,Persons,_T,Total,_T,Total,P,Projection,2030,,10910365,,A,Normal value,0,Units,0,Zero
DATAFLOW,OECD.ELS.SAE:DSD_POPULATION@DF_POP_PROJ(1.0),Population projections,I,AUS,Australia,POP,Population,PS,Persons,_T,Total,_T,Total,P,Projection,2022,,26727025,,A,Normal value,0,Units,0,Zero
DATAFLOW,OECD.ELS.SAE:DSD_POPULATION@DF_POP_PROJ(1.0),Population projections,I,AUS,Australia,POP,Population,PS,Persons,_T,Total,_T,Total,P,Projection,2023,,27147199,,A,Normal value,0,Units,0,Zero
DATAFLOW,OECD.ELS.SAE:DSD_POPULATION@DF_POP_PROJ(1.0),Population projections,I,AUS,Australia,POP,Population,PS,Persons,_T,Total,_T,Total,P,Projection,2024,,27562195,,A,Normal value,0,Units,0,Zero
DATAFLOW,OECD.ELS.SAE:DSD_POPULATION@DF_POP_PROJ(1.0),Population projections,I,AUS,Australia,POP,Population,PS,Persons,_T,Total,_T,Total,P,Projection,2025,,27970435,,A,Normal value,0,Units,0,Zero
DATAFLOW,OECD.ELS.SAE:DSD_POPULATION@DF_POP_PROJ(1.0),Population projections,I,AUS,Australia,POP,Population,PS,Persons,_T,Total,_T,Total,P,Projection,2026,,28372315,,A,Normal value,0,Units,0,Zero
DATAFLOW,OECD.ELS.SAE:DSD_POPULATION@DF_POP_PROJ(1.0),Population projections,I,AUS,Australia,POP,Population,PS,Persons,_T,Total,_T,Total,P,Projection,2027,,28765734,,A,Normal value,0,Units,0,Zero
DATAFLOW,OECD.ELS.SAE:DSD_POPULATION@DF_POP_PROJ(1.0),Population projections,I,AUS,Australia,POP,Population,PS,Persons,_T,Total,_T,Total,P,Projection,2028,,29157085,,A,Normal value,0,Units,0,Zero
DATAFLOW,OECD.ELS.SAE:DSD_POPULATION@DF_POP_PROJ(1.0),Population projections,I,AUS,Australia,POP,Population,PS,Persons,_T,Total,_T,Total,P,Projection,2029,,29545877,,A,Normal value,0,Units,0,Zero
DATAFLOW,OECD.ELS.SAE:DSD_POPULATION@DF_POP_PROJ(1.0),Population projections,I,AUS,Australia,POP,Population,PS,Persons,_T,Total,_T,Total,P,Projection,2030,,29931725,,A,Normal value,0,Units,0,Zero
DATAFLOW,OECD.ELS.SAE:DSD_POPULATION@DF_POP_PROJ(1.0),Population projections,I,CYP,Cyprus,POP,Population,PS,Persons,_T,Total,_T,Total,P,Projection,2022,,915360,,A,Normal value,0,Units,0,Zero
DATAFLOW,OECD.ELS.SAE:DSD_POPULATION@DF_POP_PROJ(1.0),Population projections,I,CYP,Cyprus,POP,Population,PS,Persons,_T,Total,_T,Total,P,Projection,2023,,931053,,A,Normal value,0,Units,0,Zero
DATAFLOW,OECD.ELS.SAE:DSD_POPULATION@DF_POP_PROJ(1.0),Population projections,I,CYP,Cyprus,POP,Population,PS,Persons,_T,Total,_T,Total,P,Projection,2024,,938925,,A,Normal value,0,Units,0,Zero
DATAFLOW,OECD.ELS.SAE:DSD_POPULATION@DF_POP_PROJ(1.0),Population projections,I,CYP,Cyprus,POP,Population,PS,Persons,_T,Total,_T,Total,P,Projection,2025,,944102,,A,Normal value,0,Units,0,Zero
DATAFLOW,OECD.ELS.SAE:DSD_POPULATION@DF_POP_PROJ(1.0),Population projections,I,CYP,Cyprus,POP,Population,PS,Persons,_T,Total,_T,Total,P,Projection,2026,,948302,,A,Normal value,0,Units,0,Zero
DATAFLOW,OECD.ELS.SAE:DSD_POPULATION@DF_POP_PROJ(1.0),Population projections,I,CYP,Cyprus,POP,Population,PS,Persons,_T,Total,_T,Total,P,Projection,2027,,951485,,A,Normal value,0,Units,0,Zero
DATAFLOW,OECD.ELS.SAE:DSD_POPULATION@DF_POP_PROJ(1.0),Population projections,I,CYP,Cyprus,POP,Population,PS,Persons,_T,Total,_T,Total,P,Projection,2028,,954099,,A,Normal value,0,Units,0,Zero
DATAFLOW,OECD.ELS.SAE:DSD_POPULATION@DF_POP_PROJ(1.0),Population projections,I,CYP,Cyprus,POP,Population,PS,Persons,_T,Total,_T,Total,P,Projection,2029,,956557,,A,Normal value,0,Units,0,Zero
DATAFLOW,OECD.ELS.SAE:DSD_POPULATION@DF_POP_PROJ(1.0),Population projections,I,CYP,Cyprus,POP,Population,PS,Persons,_T,Total,_T,Total,P,Projection,2030,,958828,,A,Normal value,0,Units,0,Zero
DATAFLOW,OECD.ELS.SAE:DSD_POPULATION@DF_POP_PROJ(1.0),Population projections,I,ISR,Israel,POP,Population,PS,Persons,_T,Total,_T,Total,P,Projection,2022,,9559547,,A,Normal value,0,Units,0,Zero
DATAFLOW,OECD.ELS.SAE:DSD_POPULATION@DF_POP_PROJ(1.0),Population projections,I,ISR,Israel,POP,Population,PS,Persons,_T,Total,_T,Total,P,Projection,2023,,9736520,,A,Normal value,0,Units,0,Zero
DATAFLOW,OECD.ELS.SAE:DSD_POPULATION@DF_POP_PROJ(1.0),Population projections,I,ISR,Israel,POP,Population,PS,Persons,_T,Total,_T,Total,P,Projection,2024,,9915715,,A,Normal value,0,Units,0,Zero
DATAFLOW,OECD.ELS.SAE:DSD_POPULATION@DF_POP_PROJ(1.0),Population projections,I,ISR,Israel,POP,Population,PS,Persons,_T,Total,_T,Total,P,Projection,2025,,10097068,,A,Normal value,0,Units,0,Zero
DATAFLOW,OECD.ELS.SAE:DSD_POPULATION@DF_POP_PROJ(1.0),Population projections,I,ISR,Israel,POP,Population,PS,Persons,_T,Total,_T,Total,P,Projection,2026,,10280369,,A,Normal value,0,Units,0,Zero
DATAFLOW,OECD.ELS.SAE:DSD_POPULATION@DF_POP_PROJ(1.0),Population projections,I,ISR,Israel,POP,Population,PS,Persons,_T,Total,_T,Total,P,Projection,2027,,10465622,,A,Normal value,0,Units,0,Zero
DATAFLOW,OECD.ELS.SAE:DSD_POPULATION@DF_POP_PROJ(1.0),Population projections,I,ISR,Israel,POP,Population,PS,Persons,_T,Total,_T,Total,P,Projection,2028,,10652995,,A,Normal value,0,Units,0,Zero
DATAFLOW,OECD.ELS.SAE:DSD_POPULATION@DF_POP_PROJ(1.0),Population projections,I,ISR,Israel,POP,Population,PS,Persons,_T,Total,_T,Total,P,Projection,2029,,10842602,,A,Normal value,0,Units,0,Zero
DATAFLOW,OECD.ELS.SAE:DSD_POPULATION@DF_POP_PROJ(1.0),Population projections,I,ISR,Israel,POP,Population,PS,Persons,_T,Total,_T,Total,P,Projection,2030,,11034494,,A,Normal value,0,Units,0,Zero
DATAFLOW,OECD.ELS.SAE:DSD_POPULATION@DF_POP_PROJ(1.0),Population projections,I,IND,India,POP,Population,PS,Persons,_T,Total,_T,Total,P,Projection,2022,,1417173174,,A,Normal value,0,Units,0,Zero
DATAFLOW,OECD.ELS.SAE:DSD_POPULATION@DF_POP_PROJ(1.0),Population projections,I,IND,India,POP,Population,PS,Persons,_T,Total,_T,Total,P,Projection,2023,,1428627662,,A,Normal value,0,Units,0,Zero
DATAFLOW,OECD.ELS.SAE:DSD_POPULATION@DF_POP_PROJ(1.0),Population projections,I,IND,India,POP,Population,PS,Persons,_T,Total,_T,Total,P,Projection,2024,,1441719851,,A,Normal value,0,Units,0,Zero
DATAFLOW,OECD.ELS.SAE:DSD_POPULATION@DF_POP_PROJ(1.0),Population projections,I,IND,India,POP,Population,PS,Persons,_T,Total,_T,Total,P,Projection,2025,,1454606726,,A,Normal value,0,Units,0,Zero
DATAFLOW,OECD.ELS.SAE:DSD_POPULATION@DF_POP_PROJ(1.0),Population projections,I,IND,India,POP,Population,PS,Persons,_T,Total,_T,Total,P,Projection,2026,,1467231210,,A,Normal value,0,Units,0,Zero
DATAFLOW,OECD.ELS.SAE:DSD_POPULATION@DF_POP_PROJ(1.0),Population projections,I,IND,India,POP,Population,PS,Persons,_T,Total,_T,Total,P,Projection,2027,,1479578523,,A,Normal value,0,Units,0,Zero
DATAFLOW,OECD.ELS.SAE:DSD_POPULATION@DF_POP_PROJ(1.0),Population projections,I,IND,India,POP,Population,PS,Persons,_T,Total,_T,Total,P,Projection,2028,,1491671049,,A,Normal value,0,Units,0,Zero
DATAFLOW,OECD.ELS.SAE:DSD_POPULATION@DF_POP_PROJ(1.0),Population projections,I,IND,India,POP,Population,PS,Persons,_T,Total,_T,Total,P,Projection,2029,,1503470597,,A,Normal value,0,Units,0,Zero
DATAFLOW,OECD.ELS.SAE:DSD_POPULATION@DF_POP_PROJ(1.0),Population projections,I,IND,India,POP,Population,PS,Persons,_T,Total,_T,Total,P,Projection,2030,,1514994081,,A,Normal value,0,Units,0,Zero
DATAFLOW,OECD.ELS.SAE:DSD_POPULATION@DF_POP_PROJ(1.0),Population projections,I,SAU,Saudi Arabia,POP,Population,PS,Persons,_T,Total,_T,Total,P,Projection,2022,,35844913,,A,Normal value,0,Units,0,Zero
DATAFLOW,OECD.ELS.SAE:DSD_POPULATION@DF_POP_PROJ(1.0),Population projections,I,SAU,Saudi Arabia,POP,Population,PS,Persons,_T,Total,_T,Total,P,Projection,2023,,36329422,,A,Normal value,0,Units,0,Zero
DATAFLOW,OECD.ELS.SAE:DSD_POPULATION@DF_POP_PROJ(1.0),Population projections,I,SAU,Saudi Arabia,POP,Population,PS,Persons,_T,Total,_T,Total,P,Projection,2024,,36796733,,A,Normal value,0,Units,0,Zero
DATAFLOW,OECD.ELS.SAE:DSD_POPULATION@DF_POP_PROJ(1.0),Population projections,I,SAU,Saudi Arabia,POP,Population,PS,Persons,_T,Total,_T,Total,P,Projection,2025,,37248922,,A,Normal value,0,Units,0,Zero
DATAFLOW,OECD.ELS.SAE:DSD_POPULATION@DF_POP_PROJ(1.0),Population projections,I,SAU,Saudi Arabia,POP,Population,PS,Persons,_T,Total,_T,Total,P,Projection,2026,,37688056,,A,Normal value,0,Units,0,Zero
DATAFLOW,OECD.ELS.SAE:DSD_POPULATION@DF_POP_PROJ(1.0),Population projections,I,SAU,Saudi Arabia,POP,Population,PS,Persons,_T,Total,_T,Total,P,Projection,2027,,38115319,,A,Normal value,0,Units,0,Zero
DATAFLOW,OECD.ELS.SAE:DSD_POPULATION@DF_POP_PROJ(1.0),Population projections,I,SAU,Saudi Arabia,POP,Population,PS,Persons,_T,Total,_T,Total,P,Projection,2028,,38530653,,A,Normal value,0,Units,0,Zero
DATAFLOW,OECD.ELS.SAE:DSD_POPULATION@DF_POP_PROJ(1.0),Population projections,I,SAU,Saudi Arabia,POP,Population,PS,Persons,_T,Total,_T,Total,P,Projection,2029,,38933198,,A,Normal value,0,Units,0,Zero
DATAFLOW,OECD.ELS.SAE:DSD_POPULATION@DF_POP_PROJ(1.0),Population projections,I,SAU,Saudi Arabia,POP,Population,PS,Persons,_T,Total,_T,Total,P,Projection,2030,,39322336,,A,Normal value,0,Units,0,Zero
DATAFLOW,OECD.ELS.SAE:DSD_POPULATION@DF_POP_PROJ(1.0),Population projections,I,ISL,Iceland,POP,Population,PS,Persons,_T,Total,_T,Total,P,Projection,2022,,378493,,A,Normal value,0,Units,0,Zero
DATAFLOW,OECD.ELS.SAE:DSD_POPULATION@DF_POP_PROJ(1.0),Population projections,I,ISL,Iceland,POP,Population,PS,Persons,_T,Total,_T,Total,P,Projection,2023,,382963,,A,Normal value,0,Units,0,Zero
DATAFLOW,OECD.ELS.SAE:DSD_POPULATION@DF_POP_PROJ(1.0),Population projections,I,ISL,Iceland,POP,Population,PS,Persons,_T,Total,_T,Total,P,Projection,2024,,387313,,A,Normal value,0,Units,0,Zero
DATAFLOW,OECD.ELS.SAE:DSD_POPULATION@DF_POP_PROJ(1.0),Population projections,I,ISL,Iceland,POP,Population,PS,Persons,_T,Total,_T,Total,P,Projection,2025,,391577,,A,Normal value,0,Units,0,Zero
DATAFLOW,OECD.ELS.SAE:DSD_POPULATION@DF_POP_PROJ(1.0),Population projections,I,ISL,Iceland,POP,Population,PS,Persons,_T,Total,_T,Total,P,Projection,2026,,395718,,A,Normal value,0,Units,0,Zero
DATAFLOW,OECD.ELS.SAE:DSD_POPULATION@DF_POP_PROJ(1.0),Population projections,I,ISL,Iceland,POP,Population,PS,Persons,_T,Total,_T,Total,P,Projection,2027,,399772,,A,Normal value,0,Units,0,Zero
DATAFLOW,OECD.ELS.SAE:DSD_POPULATION@DF_POP_PROJ(1.0),Population projections,I,ISL,Iceland,POP,Population,PS,Persons,_T,Total,_T,Total,P,Projection,2028,,403684,,A,Normal value,0,Units,0,Zero
DATAFLOW,OECD.ELS.SAE:DSD_POPULATION@DF_POP_PROJ(1.0),Population projections,I,ISL,Iceland,POP,Population,PS,Persons,_T,Total,_T,Total,P,Projection,2029,,407492,,A,Normal value,0,Units,0,Zero
DATAFLOW,OECD.ELS.SAE:DSD_POPULATION@DF_POP_PROJ(1.0),Population projections,I,ISL,Iceland,POP,Population,PS,Persons,_T,Total,_T,Total,P,Projection,2030,,411144,,A,Normal value,0,Units,0,Zero
DATAFLOW,OECD.ELS.SAE:DSD_POPULATION@DF_POP_PROJ(1.0),Population projections,I,KOR,Korea,POP,Population,PS,Persons,_T,Total,_T,Total,P,Projection,2022,,51628117,,A,Normal value,0,Units,0,Zero
DATAFLOW,OECD.ELS.SAE:DSD_POPULATION@DF_POP_PROJ(1.0),Population projections,I,KOR,Korea,POP,Population,PS,Persons,_T,Total,_T,Total,P,Projection,2023,,51558034,,A,Normal value,0,Units,0,Zero
DATAFLOW,OECD.ELS.SAE:DSD_POPULATION@DF_POP_PROJ(1.0),Population projections,I,KOR,Korea,POP,Population,PS,Persons,_T,Total,_T,Total,P,Projection,2024,,51500029,,A,Normal value,0,Units,0,Zero
DATAFLOW,OECD.ELS.SAE:DSD_POPULATION@DF_POP_PROJ(1.0),Population projections,I,KOR,Korea,POP,Population,PS,Persons,_T,Total,_T,Total,P,Projection,2025,,51447504,,A,Normal value,0,Units,0,Zero
DATAFLOW,OECD.ELS.SAE:DSD_POPULATION@DF_POP_PROJ(1.0),Population projections,I,KOR,Korea,POP,Population,PS,Persons,_T,Total,_T,Total,P,Projection,2026,,51397309,,A,Normal value,0,Units,0,Zero
DATAFLOW,OECD.ELS.SAE:DSD_POPULATION@DF_POP_PROJ(1.0),Population projections,I,KOR,Korea,POP,Population,PS,Persons,_T,Total,_T,Total,P,Projection,2027,,51348388,,A,Normal value,0,Units,0,Zero
DATAFLOW,OECD.ELS.SAE:DSD_POPULATION@DF_POP_PROJ(1.0),Population projections,I,KOR,Korea,POP,Population,PS,Persons,_T,Total,_T,Total,P,Projection,2028,,51300095,,A,Normal value,0,Units,0,Zero
DATAFLOW,OECD.ELS.SAE:DSD_POPULATION@DF_POP_PROJ(1.0),Population projections,I,KOR,Korea,POP,Population,PS,Persons,_T,Total,_T,Total,P,Projection,2029,,51250905,,A,Normal value,0,Units,0,Zero
DATAFLOW,OECD.ELS.SAE:DSD_POPULATION@DF_POP_PROJ(1.0),Population projections,I,KOR,Korea,POP,Population,PS,Persons,_T,Total,_T,Total,P,Projection,2030,,51199019,,A,Normal value,0,Units,0,Zero
DATAFLOW,OECD.ELS.SAE:DSD_POPULATION@DF_POP_PROJ(1.0),Population projections,I,CRI,Costa Rica,POP,Population,PS,Persons,_T,Total,_T,Total,P,Projection,2022,,5213373.67080593,,A,Normal value,0,Units,0,Zero
DATAFLOW,OECD.ELS.SAE:DSD_POPULATION@DF_POP_PROJ(1.0),Population projections,I,CRI,Costa Rica,POP,Population,PS,Persons,_T,Total,_T,Total,P,Projection,2023,,5262236.75873172,,A,Normal value,0,Units,0,Zero
DATAFLOW,OECD.ELS.SAE:DSD_POPULATION@DF_POP_PROJ(1.0),Population projections,I,CRI,Costa Rica,POP,Population,PS,Persons,_T,Total,_T,Total,P,Projection,2024,,5309637.92107588,,A,Normal value,0,Units,0,Zero
DATAFLOW,OECD.ELS.SAE:DSD_POPULATION@DF_POP_PROJ(1.0),Population projections,I,CRI,Costa Rica,POP,Population,PS,Persons,_T,Total,_T,Total,P,Projection,2025,,5355591.83542675,,A,Normal value,0,Units,0,Zero
DATAFLOW,OECD.ELS.SAE:DSD_POPULATION@DF_POP_PROJ(1.0),Population projections,I,CRI,Costa Rica,POP,Population,PS,Persons,_T,Total,_T,Total,P,Projection,2026,,5400092.96925531,,A,Normal value,0,Units,0,Zero
DATAFLOW,OECD.ELS.SAE:DSD_POPULATION@DF_POP_PROJ(1.0),Population projections,I,CRI,Costa Rica,POP,Population,PS,Persons,_T,Total,_T,Total,P,Projection,2027,,5443143.17170039,,A,Normal value,0,Units,0,Zero
DATAFLOW,OECD.ELS.SAE:DSD_POPULATION@DF_POP_PROJ(1.0),Population projections,I,CRI,Costa Rica,POP,Population,PS,Persons,_T,Total,_T,Total,P,Projection,2028,,5484772.75459392,,A,Normal value,0,Units,0,Zero
DATAFLOW,OECD.ELS.SAE:DSD_POPULATION@DF_POP_PROJ(1.0),Population projections,I,CRI,Costa Rica,POP,Population,PS,Persons,_T,Total,_T,Total,P,Projection,2029,,5525015.9420764,,A,Normal value,0,Units,0,Zero
DATAFLOW,OECD.ELS.SAE:DSD_POPULATION@DF_POP_PROJ(1.0),Population projections,I,CRI,Costa Rica,POP,Population,PS,Persons,_T,Total,_T,Total,P,Projection,2030,,5563905.54872497,,A,Normal value,0,Units,0,Zero
DATAFLOW,OECD.ELS.SAE:DSD_POPULATION@DF_POP_PROJ(1.0),Population projections,I,BGR,Bulgaria,POP,Population,PS,Persons,_T,Total,_T,Total,P,Projection,2022,,6889991,,A,Normal value,0,Units,0,Zero
DATAFLOW,OECD.ELS.SAE:DSD_POPULATION@DF_POP_PROJ(1.0),Population projections,I,BGR,Bulgaria,POP,Population,PS,Persons,_T,Total,_T,Total,P,Projection,2023,,6929855,,A,Normal value,0,Units,0,Zero
DATAFLOW,OECD.ELS.SAE:DSD_POPULATION@DF_POP_PROJ(1.0),Population projections,I,BGR,Bulgaria,POP,Population,PS,Persons,_T,Total,_T,Total,P,Projection,2024,,6889510,,A,Normal value,0,Units,0,Zero
DATAFLOW,OECD.ELS.SAE:DSD_POPULATION@DF_POP_PROJ(1.0),Population projections,I,BGR,Bulgaria,POP,Population,PS,Persons,_T,Total,_T,Total,P,Projection,2025,,6831397,,A,Normal value,0,Units,0,Zero
DATAFLOW,OECD.ELS.SAE:DSD_POPULATION@DF_POP_PROJ(1.0),Population projections,I,BGR,Bulgaria,POP,Population,PS,Persons,_T,Total,_T,Total,P,Projection,2026,,6773387,,A,Normal value,0,Units,0,Zero
DATAFLOW,OECD.ELS.SAE:DSD_POPULATION@DF_POP_PROJ(1.0),Population projections,I,BGR,Bulgaria,POP,Population,PS,Persons,_T,Total,_T,Total,P,Projection,2027,,6715049,,A,Normal value,0,Units,0,Zero
DATAFLOW,OECD.ELS.SAE:DSD_POPULATION@DF_POP_PROJ(1.0),Population projections,I,BGR,Bulgaria,POP,Population,PS,Persons,_T,Total,_T,Total,P,Projection,2028,,6657471,,A,Normal value,0,Units,0,Zero
DATAFLOW,OECD.ELS.SAE:DSD_POPULATION@DF_POP_PROJ(1.0),Population projections,I,BGR,Bulgaria,POP,Population,PS,Persons,_T,Total,_T,Total,P,Projection,2029,,6601671,,A,Normal value,0,Units,0,Zero
DATAFLOW,OECD.ELS.SAE:DSD_POPULATION@DF_POP_PROJ(1.0),Population projections,I,BGR,Bulgaria,POP,Population,PS,Persons,_T,Total,_T,Total,P,Projection,2030,,6547478,,A,Normal value,0,Units,0,Zero
